Generador,Escenario,UC,PG_0,RES_UP,RES_DN
COCHRANE_1,Humedo.Dmax,0,0,0,0
COCHRANE_2,Humedo.Dmax,0,0,0,0
Santa_Maria,Humedo.Dmax,0,0,0,0
IEMejillones,Humedo.Dmax,0,0,0,0
U15,Humedo.Dmax,0,0,0,0
Campiche,Humedo.Dmax,1,145.2,96.8,0
CTTAR,Humedo.Dmax,0,0,0,0
ANG_I,Humedo.Dmax,0,0,0,0
Nueva_Ventanas,Humedo.Dmax,1,149.4,99.6,0
CTA,Humedo.Dmax,0,0,0,0
U13,Humedo.Dmax,0,0,0,0
U12,Humedo.Dmax,0,0,0,0
CTH,Humedo.Dmax,0,0,0,0
U14,Humedo.Dmax,0,0,0,0
Ventanas_01,Humedo.Dmax,1,68.04,45.36,0
Ventanas_02,Humedo.Dmax,1,125.16,83.44,0
Bocamina_01,Humedo.Dmax,0,0,0,0
Bocamina_02,Humedo.Dmax,0,0,0,0
ANG_II,Humedo.Dmax,0,0,0,0
NTO2,Humedo.Dmax,1,70.8844997,54.80237209,0
NTO1,Humedo.Dmax,1,50.4452,71.26,0
Guacolda_01,Humedo.Dmax,0,0,0,0
Guacolda_02,Humedo.Dmax,0,0,0,0
Guacolda_03,Humedo.Dmax,0,0,0,0
Guacolda_04,Humedo.Dmax,0,0,0,0
Guacolda_05,Humedo.Dmax,0,0,0,0
CTM2,Humedo.Dmax,1,65.06,85,0
CTM1,Humedo.Dmax,0,0,0,0
COCHRANE_1,Humedo.Dmedia,0,0,0,0
COCHRANE_2,Humedo.Dmedia,0,0,0,0
Santa_Maria,Humedo.Dmedia,0,0,0,0
IEMejillones,Humedo.Dmedia,0,0,0,0
U15,Humedo.Dmedia,0,0,0,0
Campiche,Humedo.Dmedia,0,0,0,0
CTTAR,Humedo.Dmedia,0,0,0,0
ANG_I,Humedo.Dmedia,0,0,0,0
Nueva_Ventanas,Humedo.Dmedia,0,0,0,0
CTA,Humedo.Dmedia,0,0,0,0
U13,Humedo.Dmedia,0,0,0,0
U12,Humedo.Dmedia,0,0,0,0
CTH,Humedo.Dmedia,0,0,0,0
U14,Humedo.Dmedia,0,0,0,0
Ventanas_01,Humedo.Dmedia,0,0,0,0
Ventanas_02,Humedo.Dmedia,0,0,0,0
Bocamina_01,Humedo.Dmedia,0,0,0,0
Bocamina_02,Humedo.Dmedia,0,0,0,0
ANG_II,Humedo.Dmedia,0,0,0,0
NTO2,Humedo.Dmedia,1,125.93585,0,0
NTO1,Humedo.Dmedia,1,108.4028279,13.30237209,0
Guacolda_01,Humedo.Dmedia,1,85.74,57.16,0
Guacolda_02,Humedo.Dmedia,0,0,0,0
Guacolda_03,Humedo.Dmedia,1,137.104,0,0
Guacolda_04,Humedo.Dmedia,1,83.4,55.6,0
Guacolda_05,Humedo.Dmedia,0,0,0,0
CTM2,Humedo.Dmedia,1,65.06,85,0
CTM1,Humedo.Dmedia,0,0,0,0
COCHRANE_1,Humedo.Dmin,0,0,0,0
COCHRANE_2,Humedo.Dmin,0,0,0,0
Santa_Maria,Humedo.Dmin,0,0,0,0
IEMejillones,Humedo.Dmin,0,0,0,0
U15,Humedo.Dmin,0,0,0,0
Campiche,Humedo.Dmin,0,0,0,0
CTTAR,Humedo.Dmin,1,77.91,0,0
ANG_I,Humedo.Dmin,0,0,0,0
Nueva_Ventanas,Humedo.Dmin,0,0,0,0
CTA,Humedo.Dmin,1,70.8,68.829,0
U13,Humedo.Dmin,0,0,0,0
U12,Humedo.Dmin,0,0,0,0
CTH,Humedo.Dmin,1,140.8185,0,0
U14,Humedo.Dmin,0,0,0,0
Ventanas_01,Humedo.Dmin,0,0,0,0
Ventanas_02,Humedo.Dmin,0,0,0,0
Bocamina_01,Humedo.Dmin,0,0,0,0
Bocamina_02,Humedo.Dmin,0,0,0,0
ANG_II,Humedo.Dmin,0,0,0,0
NTO2,Humedo.Dmin,1,125.93585,0,0
NTO1,Humedo.Dmin,1,121.7052,0,0
Guacolda_01,Humedo.Dmin,1,131.8955821,11.00441792,0
Guacolda_02,Humedo.Dmin,1,85.74,57.16,0
Guacolda_03,Humedo.Dmin,1,137.104,0,0
Guacolda_04,Humedo.Dmin,1,139,0,0
Guacolda_05,Humedo.Dmin,0,0,0,0
CTM2,Humedo.Dmin,1,150.06,0,0
CTM1,Humedo.Dmin,1,65.83,74.06895417,0
COCHRANE_1,Medio.Dmax,0,0,0,0
COCHRANE_2,Medio.Dmax,0,0,0,0
Santa_Maria,Medio.Dmax,1,321,0,0
IEMejillones,Medio.Dmax,0,0,0,0
U15,Medio.Dmax,1,113.5149,0,0
Campiche,Medio.Dmax,1,242,0,0
CTTAR,Medio.Dmax,1,135.8958,0,0
ANG_I,Medio.Dmax,0,0,0,0
Nueva_Ventanas,Medio.Dmax,1,249,0,0
CTA,Medio.Dmax,1,139.629,0,0
U13,Medio.Dmax,0,0,0,0
U12,Medio.Dmax,0,0,0,0
CTH,Medio.Dmax,1,140.8185,0,0
U14,Medio.Dmax,1,116.81805,0,0
Ventanas_01,Medio.Dmax,1,113.4,0,0
Ventanas_02,Medio.Dmax,1,208.6,0,0
Bocamina_01,Medio.Dmax,1,122.2,0,0
Bocamina_02,Medio.Dmax,1,342,0,0
ANG_II,Medio.Dmax,1,100,118.6318156,0
NTO2,Medio.Dmax,1,125.93585,0,0
NTO1,Medio.Dmax,1,121.7052,0,0
Guacolda_01,Medio.Dmax,1,142.9,0,0
Guacolda_02,Medio.Dmax,1,142.9,0,0
Guacolda_03,Medio.Dmax,1,137.104,0,0
Guacolda_04,Medio.Dmax,1,139,0,0
Guacolda_05,Medio.Dmax,1,83.4,55.6,0
CTM2,Medio.Dmax,1,150.06,0,0
CTM1,Medio.Dmax,1,141.7335,0,0
COCHRANE_1,Medio.Dmedia,0,0,0,0
COCHRANE_2,Medio.Dmedia,0,0,0,0
Santa_Maria,Medio.Dmedia,1,321,0,0
IEMejillones,Medio.Dmedia,0,0,0,0
U15,Medio.Dmedia,1,113.5149,0,0
Campiche,Medio.Dmedia,1,242,0,0
CTTAR,Medio.Dmedia,1,135.8958,0,0
ANG_I,Medio.Dmedia,1,100,123.28928,0
Nueva_Ventanas,Medio.Dmedia,1,249,0,0
CTA,Medio.Dmedia,1,139.629,0,0
U13,Medio.Dmedia,1,37.48955,35.5,0
U12,Medio.Dmedia,1,37.5157,35.3,0
CTH,Medio.Dmedia,1,140.8185,0,0
U14,Medio.Dmedia,1,116.81805,0,0
Ventanas_01,Medio.Dmedia,1,86.07180405,0,0
Ventanas_02,Medio.Dmedia,1,208.6,0,0
Bocamina_01,Medio.Dmedia,0,0,0,0
Bocamina_02,Medio.Dmedia,0,0,0,0
ANG_II,Medio.Dmedia,1,206.5348729,16.97309209,0
NTO2,Medio.Dmedia,1,125.93585,0,0
NTO1,Medio.Dmedia,1,121.7052,0,0
Guacolda_01,Medio.Dmedia,1,142.9,0,0
Guacolda_02,Medio.Dmedia,1,142.9,0,0
Guacolda_03,Medio.Dmedia,1,137.104,0,0
Guacolda_04,Medio.Dmedia,1,139,0,0
Guacolda_05,Medio.Dmedia,1,139,0,0
CTM2,Medio.Dmedia,1,150.06,0,0
CTM1,Medio.Dmedia,1,141.7335,0,0
COCHRANE_1,Medio.Dmin,0,0,0,0
COCHRANE_2,Medio.Dmin,0,0,0,0
Santa_Maria,Medio.Dmin,1,321,0,0
IEMejillones,Medio.Dmin,0,0,0,0
U15,Medio.Dmin,1,113.5149,0,0
Campiche,Medio.Dmin,1,242,0,0
CTTAR,Medio.Dmin,1,135.8958,0,0
ANG_I,Medio.Dmin,0,0,0,0
Nueva_Ventanas,Medio.Dmin,1,249,0,0
CTA,Medio.Dmin,1,139.629,0,0
U13,Medio.Dmin,0,0,0,0
U12,Medio.Dmin,0,0,0,0
CTH,Medio.Dmin,1,140.8185,0,0
U14,Medio.Dmin,1,116.81805,0,0
Ventanas_01,Medio.Dmin,0,0,0,0
Ventanas_02,Medio.Dmin,0,0,0,0
Bocamina_01,Medio.Dmin,0,0,0,0
Bocamina_02,Medio.Dmin,0,0,0,0
ANG_II,Medio.Dmin,1,100,123.507965,0
NTO2,Medio.Dmin,1,125.93585,0,0
NTO1,Medio.Dmin,1,121.7052,0,0
Guacolda_01,Medio.Dmin,1,142.9,0,0
Guacolda_02,Medio.Dmin,1,142.9,0,0
Guacolda_03,Medio.Dmin,1,137.104,0,0
Guacolda_04,Medio.Dmin,1,139,0,0
Guacolda_05,Medio.Dmin,0,0,0,0
CTM2,Medio.Dmin,1,150.06,0,0
CTM1,Medio.Dmin,1,141.7335,0,0
COCHRANE_1,Seco.Dmax,0,0,0,0
COCHRANE_2,Seco.Dmax,0,0,0,0
Santa_Maria,Seco.Dmax,1,321,0,0
IEMejillones,Seco.Dmax,0,0,0,0
U15,Seco.Dmax,1,113.5149,0,0
Campiche,Seco.Dmax,1,242,0,0
CTTAR,Seco.Dmax,1,135.8958,0,0
ANG_I,Seco.Dmax,0,0,0,0
Nueva_Ventanas,Seco.Dmax,1,249,0,0
CTA,Seco.Dmax,1,139.629,0,0
U13,Seco.Dmax,0,0,0,0
U12,Seco.Dmax,0,0,0,0
CTH,Seco.Dmax,1,140.8185,0,0
U14,Seco.Dmax,1,116.81805,0,0
Ventanas_01,Seco.Dmax,1,113.4,0,0
Ventanas_02,Seco.Dmax,1,208.6,0,0
Bocamina_01,Seco.Dmax,1,122.2,0,0
Bocamina_02,Seco.Dmax,1,342,0,0
ANG_II,Seco.Dmax,1,100,123.507965,0
NTO2,Seco.Dmax,1,125.93585,0,0
NTO1,Seco.Dmax,1,121.7052,0,0
Guacolda_01,Seco.Dmax,1,142.9,0,0
Guacolda_02,Seco.Dmax,1,142.9,0,0
Guacolda_03,Seco.Dmax,1,137.104,0,0
Guacolda_04,Seco.Dmax,1,139,0,0
Guacolda_05,Seco.Dmax,1,83.4,55.6,0
CTM2,Seco.Dmax,1,150.06,0,0
CTM1,Seco.Dmax,1,141.7335,0,0
COCHRANE_1,Seco.Dmedia,0,0,0,0
COCHRANE_2,Seco.Dmedia,1,100,136,0
Santa_Maria,Seco.Dmedia,1,321,0,0
IEMejillones,Seco.Dmedia,1,225,75.06237209,0
U15,Seco.Dmedia,1,113.5149,0,0
Campiche,Seco.Dmedia,1,242,0,0
CTTAR,Seco.Dmedia,1,135.8958,0,0
ANG_I,Seco.Dmedia,1,169.9254941,0,0
Nueva_Ventanas,Seco.Dmedia,1,249,0,0
CTA,Seco.Dmedia,1,139.629,0,0
U13,Seco.Dmedia,1,72.98955,0,0
U12,Seco.Dmedia,0,0,0,0
CTH,Seco.Dmedia,1,140.8185,0,0
U14,Seco.Dmedia,1,116.81805,0,0
Ventanas_01,Seco.Dmedia,1,113.4,0,0
Ventanas_02,Seco.Dmedia,1,208.6,0,0
Bocamina_01,Seco.Dmedia,1,122.2,0,0
Bocamina_02,Seco.Dmedia,1,342,0,0
ANG_II,Seco.Dmedia,1,223.507965,0,0
NTO2,Seco.Dmedia,1,125.93585,0,0
NTO1,Seco.Dmedia,1,121.7052,0,0
Guacolda_01,Seco.Dmedia,1,142.9,0,0
Guacolda_02,Seco.Dmedia,1,142.9,0,0
Guacolda_03,Seco.Dmedia,1,137.104,0,0
Guacolda_04,Seco.Dmedia,1,139,0,0
Guacolda_05,Seco.Dmedia,1,139,0,0
CTM2,Seco.Dmedia,1,150.06,0,0
CTM1,Seco.Dmedia,1,141.7335,0,0
COCHRANE_1,Seco.Dmin,1,236,0,0
COCHRANE_2,Seco.Dmin,1,106.6971274,113.7715721,0
Santa_Maria,Seco.Dmin,1,321,0,0
IEMejillones,Seco.Dmin,1,375,0,0
U15,Seco.Dmin,1,113.5149,0,0
Campiche,Seco.Dmin,1,242,0,0
CTTAR,Seco.Dmin,1,135.8958,0,0
ANG_I,Seco.Dmin,1,223.28928,0,0
Nueva_Ventanas,Seco.Dmin,1,249,0,0
CTA,Seco.Dmin,1,139.629,0,0
U13,Seco.Dmin,1,72.98955,0,0
U12,Seco.Dmin,1,72.8157,0,0
CTH,Seco.Dmin,1,140.8185,0,0
U14,Seco.Dmin,1,116.81805,0,0
Ventanas_01,Seco.Dmin,1,70.88,42.52,0
Ventanas_02,Seco.Dmin,1,198.6,10,0
Bocamina_01,Seco.Dmin,1,73.32,48.88,0
Bocamina_02,Seco.Dmin,1,205.2,136.8,0
ANG_II,Seco.Dmin,1,223.507965,0,0
NTO2,Seco.Dmin,1,125.93585,0,0
NTO1,Seco.Dmin,1,121.7052,0,0
Guacolda_01,Seco.Dmin,1,142.9,0,0
Guacolda_02,Seco.Dmin,1,142.9,0,0
Guacolda_03,Seco.Dmin,1,137.104,0,0
Guacolda_04,Seco.Dmin,1,139,0,0
Guacolda_05,Seco.Dmin,1,139,0,0
CTM2,Seco.Dmin,1,150.06,0,0
CTM1,Seco.Dmin,1,141.7335,0,0
Los_Vientos,Humedo.Dmax,0,0,0,0
Espinos_01,Humedo.Dmax,0,0,0,0
Nueva_Renca_Diesel,Humedo.Dmax,0,0,0,0
Cardones,Humedo.Dmax,0,0,0,0
Los_Pinos,Humedo.Dmax,0,0,0,0
Teno,Humedo.Dmax,0,0,0,0
Taltal_02_Diesel,Humedo.Dmax,0,0,0,0
Coronel_TG_Diesel,Humedo.Dmax,0,0,0,0
Taltal_01_Diesel,Humedo.Dmax,0,0,0,0
Antilhue_TG_02,Humedo.Dmax,0,0,0,0
Antilhue_TG_01,Humedo.Dmax,0,0,0,0
Nehuenco_01_Diesel,Humedo.Dmax,0,0,0,0
Dona_Carmen,Humedo.Dmax,0,0,0,0
Santa_Lidia,Humedo.Dmax,0,0,0,0
Nehuenco_02_Diesel,Humedo.Dmax,0,0,0,0
Los_Vientos,Humedo.Dmedia,0,0,0,0
Espinos_01,Humedo.Dmedia,0,0,0,0
Nueva_Renca_Diesel,Humedo.Dmedia,0,0,0,0
Cardones,Humedo.Dmedia,0,0,0,0
Los_Pinos,Humedo.Dmedia,0,0,0,0
Teno,Humedo.Dmedia,0,0,0,0
Taltal_02_Diesel,Humedo.Dmedia,0,0,0,0
Coronel_TG_Diesel,Humedo.Dmedia,0,0,0,0
Taltal_01_Diesel,Humedo.Dmedia,0,0,0,0
Antilhue_TG_02,Humedo.Dmedia,0,0,0,0
Antilhue_TG_01,Humedo.Dmedia,0,0,0,0
Nehuenco_01_Diesel,Humedo.Dmedia,0,0,0,0
Dona_Carmen,Humedo.Dmedia,0,0,0,0
Santa_Lidia,Humedo.Dmedia,0,0,0,0
Nehuenco_02_Diesel,Humedo.Dmedia,0,0,0,0
Los_Vientos,Humedo.Dmin,0,0,0,0
Espinos_01,Humedo.Dmin,0,0,0,0
Nueva_Renca_Diesel,Humedo.Dmin,0,0,0,0
Cardones,Humedo.Dmin,0,-5.68E-14,0,0
Los_Pinos,Humedo.Dmin,0,0,0,0
Teno,Humedo.Dmin,0,0,0,0
Taltal_02_Diesel,Humedo.Dmin,0,0,0,0
Coronel_TG_Diesel,Humedo.Dmin,0,0,0,0
Taltal_01_Diesel,Humedo.Dmin,0,0,0,0
Antilhue_TG_02,Humedo.Dmin,0,0,0,0
Antilhue_TG_01,Humedo.Dmin,0,0,0,0
Nehuenco_01_Diesel,Humedo.Dmin,0,0,0,0
Dona_Carmen,Humedo.Dmin,0,0,0,0
Santa_Lidia,Humedo.Dmin,0,0,0,0
Nehuenco_02_Diesel,Humedo.Dmin,0,0,0,0
Los_Vientos,Medio.Dmax,0,0,0,0
Espinos_01,Medio.Dmax,0,0,0,0
Nueva_Renca_Diesel,Medio.Dmax,0,0,0,0
Cardones,Medio.Dmax,0,0,0,0
Los_Pinos,Medio.Dmax,0,0,0,0
Teno,Medio.Dmax,0,0,0,0
Taltal_02_Diesel,Medio.Dmax,0,0,0,0
Coronel_TG_Diesel,Medio.Dmax,0,0,0,0
Taltal_01_Diesel,Medio.Dmax,0,0,0,0
Antilhue_TG_02,Medio.Dmax,0,0,0,0
Antilhue_TG_01,Medio.Dmax,0,0,0,0
Nehuenco_01_Diesel,Medio.Dmax,0,0,0,0
Dona_Carmen,Medio.Dmax,0,0,0,0
Santa_Lidia,Medio.Dmax,0,0,0,0
Nehuenco_02_Diesel,Medio.Dmax,0,0,0,0
Los_Vientos,Medio.Dmedia,0,0,0,0
Espinos_01,Medio.Dmedia,0,0,0,0
Nueva_Renca_Diesel,Medio.Dmedia,0,0,0,0
Cardones,Medio.Dmedia,0,-5.68E-14,0,0
Los_Pinos,Medio.Dmedia,0,0,0,0
Teno,Medio.Dmedia,0,0,0,0
Taltal_02_Diesel,Medio.Dmedia,0,0,0,0
Coronel_TG_Diesel,Medio.Dmedia,0,0,0,0
Taltal_01_Diesel,Medio.Dmedia,0,0,0,0
Antilhue_TG_02,Medio.Dmedia,0,0,0,0
Antilhue_TG_01,Medio.Dmedia,0,0,0,0
Nehuenco_01_Diesel,Medio.Dmedia,0,0,0,0
Dona_Carmen,Medio.Dmedia,0,0,0,0
Santa_Lidia,Medio.Dmedia,0,0,0,0
Nehuenco_02_Diesel,Medio.Dmedia,0,0,0,0
Los_Vientos,Medio.Dmin,0,0,0,0
Espinos_01,Medio.Dmin,0,0,0,0
Nueva_Renca_Diesel,Medio.Dmin,0,0,0,0
Cardones,Medio.Dmin,0,0,0,0
Los_Pinos,Medio.Dmin,0,0,0,0
Teno,Medio.Dmin,0,0,0,0
Taltal_02_Diesel,Medio.Dmin,0,0,0,0
Coronel_TG_Diesel,Medio.Dmin,0,0,0,0
Taltal_01_Diesel,Medio.Dmin,0,0,0,0
Antilhue_TG_02,Medio.Dmin,0,0,0,0
Antilhue_TG_01,Medio.Dmin,0,0,0,0
Nehuenco_01_Diesel,Medio.Dmin,0,0,0,0
Dona_Carmen,Medio.Dmin,0,0,0,0
Santa_Lidia,Medio.Dmin,0,0,0,0
Nehuenco_02_Diesel,Medio.Dmin,0,0,0,0
Los_Vientos,Seco.Dmax,1,79.2,52.8,0
Espinos_01,Seco.Dmax,1,60,40,0
Nueva_Renca_Diesel,Seco.Dmax,1,312,0,0
Cardones,Seco.Dmax,0,0,0,0
Los_Pinos,Seco.Dmax,1,62.5164,41.6776,0
Teno,Seco.Dmax,1,35.4,23.6,0
Taltal_02_Diesel,Seco.Dmax,0,0,0,0
Coronel_TG_Diesel,Seco.Dmax,1,28.02,18.68,0
Taltal_01_Diesel,Seco.Dmax,0,0,0,0
Antilhue_TG_02,Seco.Dmax,0,0,0,0
Antilhue_TG_01,Seco.Dmax,0,0,0,0
Nehuenco_01_Diesel,Seco.Dmax,1,186,124,0
Dona_Carmen,Seco.Dmax,1,39.9,26.6,0
Santa_Lidia,Seco.Dmax,1,83.4,55.6,0
Nehuenco_02_Diesel,Seco.Dmax,1,238.9576,152.0424,0
Los_Vientos,Seco.Dmedia,1,79.2,52.8,0
Espinos_01,Seco.Dmedia,1,60,40,0
Nueva_Renca_Diesel,Seco.Dmedia,1,237.1576,74.8424,0
Cardones,Seco.Dmedia,0,-1.14E-13,0,0
Los_Pinos,Seco.Dmedia,1,62.5164,41.6776,0
Teno,Seco.Dmedia,0,0,0,0
Taltal_02_Diesel,Seco.Dmedia,0,0,0,0
Coronel_TG_Diesel,Seco.Dmedia,1,28.02,18.68,0
Taltal_01_Diesel,Seco.Dmedia,0,0,0,0
Antilhue_TG_02,Seco.Dmedia,0,0,0,0
Antilhue_TG_01,Seco.Dmedia,0,0,0,0
Nehuenco_01_Diesel,Seco.Dmedia,1,186,124,0
Dona_Carmen,Seco.Dmedia,1,39.9,26.6,0
Santa_Lidia,Seco.Dmedia,0,0,0,0
Nehuenco_02_Diesel,Seco.Dmedia,1,234.6,156.4,0
Los_Vientos,Seco.Dmin,0,0,0,0
Espinos_01,Seco.Dmin,0,0,0,0
Nueva_Renca_Diesel,Seco.Dmin,0,0,0,0
Cardones,Seco.Dmin,0,0,0,0
Los_Pinos,Seco.Dmin,0,0,0,0
Teno,Seco.Dmin,0,0,0,0
Taltal_02_Diesel,Seco.Dmin,0,0,0,0
Coronel_TG_Diesel,Seco.Dmin,0,0,0,0
Taltal_01_Diesel,Seco.Dmin,0,0,0,0
Antilhue_TG_02,Seco.Dmin,0,0,0,0
Antilhue_TG_01,Seco.Dmin,0,0,0,0
Nehuenco_01_Diesel,Seco.Dmin,0,0,0,0
Dona_Carmen,Seco.Dmin,0,0,0,0
Santa_Lidia,Seco.Dmin,0,0,0,0
Nehuenco_02_Diesel,Seco.Dmin,0,0,0,0
Los_Condores,Humedo.Dmax,1,150,0,0
Pehuenche,Humedo.Dmax,1,560,0,0
Angostura,Humedo.Dmax,1,118.2,209.8,0
Machicura,Humedo.Dmax,1,94,0,0
Cipreses,Humedo.Dmax,1,105,0,0
Pangue,Humedo.Dmax,1,450,0,0
Rapel,Humedo.Dmax,1,375,0,0
Ralco,Humedo.Dmax,1,690,0,0
Antuco,Humedo.Dmax,1,320,0,0
Canutillar,Humedo.Dmax,1,169,0,0
El_Toro,Humedo.Dmax,1,450,0,0
Colbun,Humedo.Dmax,1,457,0,0
Los_Condores,Humedo.Dmedia,1,0,150,0
Pehuenche,Humedo.Dmedia,1,175,385,0
Angostura,Humedo.Dmedia,1,328,0,0
Machicura,Humedo.Dmedia,1,94,0,0
Cipreses,Humedo.Dmedia,1,105,0,0
Pangue,Humedo.Dmedia,1,450,0,0
Rapel,Humedo.Dmedia,1,375,0,0
Ralco,Humedo.Dmedia,1,690,0,0
Antuco,Humedo.Dmedia,1,320,0,0
Canutillar,Humedo.Dmedia,1,169,0,0
El_Toro,Humedo.Dmedia,1,450,0,0
Colbun,Humedo.Dmedia,1,457,0,0
Los_Condores,Humedo.Dmin,1,0,150,0
Pehuenche,Humedo.Dmin,1,120,385,0
Angostura,Humedo.Dmin,0,0,0,0
Machicura,Humedo.Dmin,1,94,0,0
Cipreses,Humedo.Dmin,1,0,0,0
Pangue,Humedo.Dmin,1,414.7204903,0,0
Rapel,Humedo.Dmin,1,375,0,0
Ralco,Humedo.Dmin,1,690,0,0
Antuco,Humedo.Dmin,0,0,0,0
Canutillar,Humedo.Dmin,0,0,0,0
El_Toro,Humedo.Dmin,1,0,0,0
Colbun,Humedo.Dmin,1,457,0,0
Los_Condores,Medio.Dmax,1,0,150,0
Pehuenche,Medio.Dmax,1,185.2774562,374.7225438,0
Angostura,Medio.Dmax,1,328,0,0
Machicura,Medio.Dmax,1,94,0,0
Cipreses,Medio.Dmax,1,105,0,0
Pangue,Medio.Dmax,1,450,0,0
Rapel,Medio.Dmax,1,0,0,0
Ralco,Medio.Dmax,0,0,0,0
Antuco,Medio.Dmax,1,320,0,0
Canutillar,Medio.Dmax,0,0,0,0
El_Toro,Medio.Dmax,1,0,10.27745622,0
Colbun,Medio.Dmax,1,457,0,0
Los_Condores,Medio.Dmedia,1,0,150,0
Pehuenche,Medio.Dmedia,0,0,0,0
Angostura,Medio.Dmedia,1,328,0,0
Machicura,Medio.Dmedia,0,0,0,0
Cipreses,Medio.Dmedia,1,105,0,0
Pangue,Medio.Dmedia,1,450,0,0
Rapel,Medio.Dmedia,1,0,0,0
Ralco,Medio.Dmedia,0,0,0,0
Antuco,Medio.Dmedia,1,320,0,0
Canutillar,Medio.Dmedia,0,0,0,0
El_Toro,Medio.Dmedia,1,0,385,0
Colbun,Medio.Dmedia,1,457,0,0
Los_Condores,Medio.Dmin,1,0,150,0
Pehuenche,Medio.Dmin,0,0,0,0
Angostura,Medio.Dmin,1,328,0,0
Machicura,Medio.Dmin,0,0,0,0
Cipreses,Medio.Dmin,1,89.73122945,0,0
Pangue,Medio.Dmin,1,450,0,0
Rapel,Medio.Dmin,1,0,0,0
Ralco,Medio.Dmin,0,0,0,0
Antuco,Medio.Dmin,1,320,0,0
Canutillar,Medio.Dmin,0,0,0,0
El_Toro,Medio.Dmin,1,0,385,0
Colbun,Medio.Dmin,1,457,0,0
Los_Condores,Seco.Dmax,1,0,0,0
Pehuenche,Seco.Dmax,1,168,0,0
Angostura,Seco.Dmax,1,98.4,0,0
Machicura,Seco.Dmax,1,28.2,0,0
Cipreses,Seco.Dmax,1,0,0,0
Pangue,Seco.Dmax,1,135,0,0
Rapel,Seco.Dmax,1,84.84245622,0,0
Ralco,Seco.Dmax,1,207,0,0
Antuco,Seco.Dmax,1,96,0,0
Canutillar,Seco.Dmax,1,50.7,0,0
El_Toro,Seco.Dmax,1,135,0,0
Colbun,Seco.Dmax,0,0,0,0
Los_Condores,Seco.Dmedia,1,0,0,0
Pehuenche,Seco.Dmedia,0,0,0,0
Angostura,Seco.Dmedia,1,20.45391786,0,0
Machicura,Seco.Dmedia,0,0,0,0
Cipreses,Seco.Dmedia,1,0,0,0
Pangue,Seco.Dmedia,0,0,0,0
Rapel,Seco.Dmedia,1,0,0,0
Ralco,Seco.Dmedia,0,0,0,0
Antuco,Seco.Dmedia,0,0,0,0
Canutillar,Seco.Dmedia,0,0,0,0
El_Toro,Seco.Dmedia,1,0,0,0
Colbun,Seco.Dmedia,0,0,0,0
Los_Condores,Seco.Dmin,1,0,0,0
Pehuenche,Seco.Dmin,0,0,0,0
Angostura,Seco.Dmin,0,0,0,0
Machicura,Seco.Dmin,0,0,0,0
Cipreses,Seco.Dmin,1,0,0,0
Pangue,Seco.Dmin,0,0,0,0
Rapel,Seco.Dmin,1,0,0,0
Ralco,Seco.Dmin,0,0,0,0
Antuco,Seco.Dmin,0,0,0,0
Canutillar,Seco.Dmin,0,0,0,0
El_Toro,Seco.Dmin,1,0,0,0
Colbun,Seco.Dmin,0,0,0,0
Eolico_SING_Centro,Humedo.Dmax,1,44.45,0,0
Eolico-SIC_CentroNorte,Humedo.Dmax,1,199.075,0,0
Eolico-SIC_Centro,Humedo.Dmax,1,105.5,0,0
Eolico_SIC_Sur,Humedo.Dmax,1,62,0,0
Eolico_SIC_CentroSurC,Humedo.Dmax,1,28.5,0,0
Eolico_SIC_Norte,Humedo.Dmax,1,0,0,0
Eolico_SING_Centro,Humedo.Dmedia,1,44.45,0,0
Eolico-SIC_CentroNorte,Humedo.Dmedia,1,199.075,0,0
Eolico-SIC_Centro,Humedo.Dmedia,1,105.5,0,0
Eolico_SIC_Sur,Humedo.Dmedia,1,62,0,0
Eolico_SIC_CentroSurC,Humedo.Dmedia,1,25.41204905,0,0
Eolico_SIC_Norte,Humedo.Dmedia,1,49.5,0,0
Eolico_SING_Centro,Humedo.Dmin,1,44.45,0,0
Eolico-SIC_CentroNorte,Humedo.Dmin,1,199.075,0,0
Eolico-SIC_Centro,Humedo.Dmin,1,105.5,0,0
Eolico_SIC_Sur,Humedo.Dmin,1,62,0,0
Eolico_SIC_CentroSurC,Humedo.Dmin,1,28.5,0,0
Eolico_SIC_Norte,Humedo.Dmin,1,49.5,0,0
Eolico_SING_Centro,Medio.Dmax,1,44.45,0,0
Eolico-SIC_CentroNorte,Medio.Dmax,1,199.075,0,0
Eolico-SIC_Centro,Medio.Dmax,1,105.5,0,0
Eolico_SIC_Sur,Medio.Dmax,1,62,0,0
Eolico_SIC_CentroSurC,Medio.Dmax,1,28.5,0,0
Eolico_SIC_Norte,Medio.Dmax,1,49.5,0,0
Eolico_SING_Centro,Medio.Dmedia,1,44.45,0,0
Eolico-SIC_CentroNorte,Medio.Dmedia,1,199.075,0,0
Eolico-SIC_Centro,Medio.Dmedia,1,105.5,0,0
Eolico_SIC_Sur,Medio.Dmedia,1,62,0,0
Eolico_SIC_CentroSurC,Medio.Dmedia,1,28.5,0,0
Eolico_SIC_Norte,Medio.Dmedia,1,49.5,0,0
Eolico_SING_Centro,Medio.Dmin,1,44.45,0,0
Eolico-SIC_CentroNorte,Medio.Dmin,1,199.075,0,0
Eolico-SIC_Centro,Medio.Dmin,1,105.5,0,0
Eolico_SIC_Sur,Medio.Dmin,1,62,0,0
Eolico_SIC_CentroSurC,Medio.Dmin,1,28.5,0,0
Eolico_SIC_Norte,Medio.Dmin,1,49.5,0,0
Eolico_SING_Centro,Seco.Dmax,1,44.45,0,0
Eolico-SIC_CentroNorte,Seco.Dmax,1,199.075,0,0
Eolico-SIC_Centro,Seco.Dmax,1,105.5,0,0
Eolico_SIC_Sur,Seco.Dmax,1,62,0,0
Eolico_SIC_CentroSurC,Seco.Dmax,1,28.5,0,0
Eolico_SIC_Norte,Seco.Dmax,1,0,0,0
Eolico_SING_Centro,Seco.Dmedia,1,44.45,0,0
Eolico-SIC_CentroNorte,Seco.Dmedia,1,199.075,0,0
Eolico-SIC_Centro,Seco.Dmedia,1,105.5,0,0
Eolico_SIC_Sur,Seco.Dmedia,1,62,0,0
Eolico_SIC_CentroSurC,Seco.Dmedia,1,28.5,0,0
Eolico_SIC_Norte,Seco.Dmedia,1,49.5,0,0
Eolico_SING_Centro,Seco.Dmin,1,44.45,0,0
Eolico-SIC_CentroNorte,Seco.Dmin,1,199.075,0,0
Eolico-SIC_Centro,Seco.Dmin,1,105.5,0,0
Eolico_SIC_Sur,Seco.Dmin,1,62,0,0
Eolico_SIC_CentroSurC,Seco.Dmin,1,28.5,0,0
Eolico_SIC_Norte,Seco.Dmin,1,49.5,0,0
San_Isidro_02_GNL,Humedo.Dmax,0,0,0,0
CC1_GNL,Humedo.Dmax,0,0,0,0
CC2_GNL,Humedo.Dmax,0,0,0,0
CTM3_SIC,Humedo.Dmax,0,0,0,0
U16_GNL,Humedo.Dmax,0,0,0,0
San_Isidro_GNL,Humedo.Dmax,0,0,0,0
KELAR,Humedo.Dmax,0,0,0,0
San_Isidro_02_GNL,Humedo.Dmedia,0,0,0,0
CC1_GNL,Humedo.Dmedia,0,0,0,0
CC2_GNL,Humedo.Dmedia,0,0,0,0
CTM3_SIC,Humedo.Dmedia,0,0,0,0
U16_GNL,Humedo.Dmedia,0,0,0,0
San_Isidro_GNL,Humedo.Dmedia,0,0,0,0
KELAR,Humedo.Dmedia,0,0,0,0
San_Isidro_02_GNL,Humedo.Dmin,0,0,0,0
CC1_GNL,Humedo.Dmin,0,0,0,0
CC2_GNL,Humedo.Dmin,0,0,0,0
CTM3_SIC,Humedo.Dmin,0,0,0,0
U16_GNL,Humedo.Dmin,0,0,0,0
San_Isidro_GNL,Humedo.Dmin,0,0,0,0
KELAR,Humedo.Dmin,0,0,0,0
San_Isidro_02_GNL,Medio.Dmax,0,0,0,0
CC1_GNL,Medio.Dmax,0,0,0,0
CC2_GNL,Medio.Dmax,0,0,0,0
CTM3_SIC,Medio.Dmax,0,0,0,0
U16_GNL,Medio.Dmax,1,306.1694435,36.83055652,0
San_Isidro_GNL,Medio.Dmax,0,0,0,0
KELAR,Medio.Dmax,0,0,0,0
San_Isidro_02_GNL,Medio.Dmedia,0,0,0,0
CC1_GNL,Medio.Dmedia,0,0,0,0
CC2_GNL,Medio.Dmedia,0,0,0,0
CTM3_SIC,Medio.Dmedia,0,0,0,0
U16_GNL,Medio.Dmedia,1,343,0,0
San_Isidro_GNL,Medio.Dmedia,0,0,0,0
KELAR,Medio.Dmedia,0,0,0,0
San_Isidro_02_GNL,Medio.Dmin,0,0,0,0
CC1_GNL,Medio.Dmin,0,0,0,0
CC2_GNL,Medio.Dmin,0,0,0,0
CTM3_SIC,Medio.Dmin,0,0,0,0
U16_GNL,Medio.Dmin,1,255.4455929,87.55440709,0
San_Isidro_GNL,Medio.Dmin,0,0,0,0
KELAR,Medio.Dmin,0,0,0,0
San_Isidro_02_GNL,Seco.Dmax,1,392,0,0
CC1_GNL,Seco.Dmax,0,0,0,0
CC2_GNL,Seco.Dmax,0,0,0,0
CTM3_SIC,Seco.Dmax,0,0,0,0
U16_GNL,Seco.Dmax,1,306.1694435,31.95440709,0
San_Isidro_GNL,Seco.Dmax,1,350,0,0
KELAR,Seco.Dmax,0,0,0,0
San_Isidro_02_GNL,Seco.Dmedia,1,392,0,0
CC1_GNL,Seco.Dmedia,0,0,0,0
CC2_GNL,Seco.Dmedia,0,0,0,0
CTM3_SIC,Seco.Dmedia,0,0,0,0
U16_GNL,Seco.Dmedia,1,343,0,0
San_Isidro_GNL,Seco.Dmedia,1,350,0,0
KELAR,Seco.Dmedia,0,0,0,0
San_Isidro_02_GNL,Seco.Dmin,1,235.2,156.8,0
CC1_GNL,Seco.Dmin,0,0,0,0
CC2_GNL,Seco.Dmin,0,0,0,0
CTM3_SIC,Seco.Dmin,1,145.9362,97.2908,0
U16_GNL,Seco.Dmin,1,343,0,0
San_Isidro_GNL,Seco.Dmin,1,210,140,0
KELAR,Seco.Dmin,0,0,0,0
El_Paso,Humedo.Dmax,1,60,0,0
Blanco,Humedo.Dmax,1,57,0,0
Confluencia,Humedo.Dmax,1,159,0,0
San_Andres,Humedo.Dmax,1,40,0,0
Alfalfal,Humedo.Dmax,1,196,0,0
nuble,Humedo.Dmax,1,136,0,0
Volcan,Humedo.Dmax,1,63,0,0
Rucatayo,Humedo.Dmax,1,60,0,0
Hornitos,Humedo.Dmax,1,55,0,0
Pilmaiquen,Humedo.Dmax,1,35,0,0
Sauzal,Humedo.Dmax,1,90,0,0
Peuchen,Humedo.Dmax,1,77,0,0
Florida,Humedo.Dmax,1,28,0,0
Las_Lajas,Humedo.Dmax,1,267,0,0
Ancoa,Humedo.Dmax,1,27,0,0
Chacayes,Humedo.Dmax,1,106,0,0
Chacabuquito,Humedo.Dmax,1,25,0,0
Mampil,Humedo.Dmax,1,49,0,0
La_Higuera,Humedo.Dmax,1,153,0,0
Maitenes,Humedo.Dmax,1,30.8,0,0
Juncal,Humedo.Dmax,1,32,0,0
Laja_I,Humedo.Dmax,1,34.4,0,0
Puntilla,Humedo.Dmax,1,22.13,0,0
Los_Quilos,Humedo.Dmax,1,40,0,0
Pullinque,Humedo.Dmax,1,48.6,0,0
Los_Hierros,Humedo.Dmax,1,25,0,0
San_Pedro,Humedo.Dmax,1,144,0,0
Alfalfal_02,Humedo.Dmax,1,264,0,0
El_Paso,Humedo.Dmedia,1,60,0,0
Blanco,Humedo.Dmedia,1,57,0,0
Confluencia,Humedo.Dmedia,1,159,0,0
San_Andres,Humedo.Dmedia,1,40,0,0
Alfalfal,Humedo.Dmedia,1,196,0,0
nuble,Humedo.Dmedia,1,136,0,0
Volcan,Humedo.Dmedia,1,63,0,0
Rucatayo,Humedo.Dmedia,1,60,0,0
Hornitos,Humedo.Dmedia,1,55,0,0
Pilmaiquen,Humedo.Dmedia,1,35,0,0
Sauzal,Humedo.Dmedia,1,90,0,0
Peuchen,Humedo.Dmedia,1,77,0,0
Florida,Humedo.Dmedia,1,28,0,0
Las_Lajas,Humedo.Dmedia,1,267,0,0
Ancoa,Humedo.Dmedia,1,27,0,0
Chacayes,Humedo.Dmedia,1,106,0,0
Chacabuquito,Humedo.Dmedia,1,25,0,0
Mampil,Humedo.Dmedia,1,49,0,0
La_Higuera,Humedo.Dmedia,1,153,0,0
Maitenes,Humedo.Dmedia,1,30.8,0,0
Juncal,Humedo.Dmedia,1,32,0,0
Laja_I,Humedo.Dmedia,1,34.4,0,0
Puntilla,Humedo.Dmedia,1,22.13,0,0
Los_Quilos,Humedo.Dmedia,1,40,0,0
Pullinque,Humedo.Dmedia,1,48.6,0,0
Los_Hierros,Humedo.Dmedia,1,25,0,0
San_Pedro,Humedo.Dmedia,1,144,0,0
Alfalfal_02,Humedo.Dmedia,1,264,0,0
El_Paso,Humedo.Dmin,1,60,0,0
Blanco,Humedo.Dmin,1,57,0,0
Confluencia,Humedo.Dmin,1,159,0,0
San_Andres,Humedo.Dmin,1,40,0,0
Alfalfal,Humedo.Dmin,1,196,0,0
nuble,Humedo.Dmin,1,136,0,0
Volcan,Humedo.Dmin,1,63,0,0
Rucatayo,Humedo.Dmin,1,60,0,0
Hornitos,Humedo.Dmin,1,55,0,0
Pilmaiquen,Humedo.Dmin,1,35,0,0
Sauzal,Humedo.Dmin,1,90,0,0
Peuchen,Humedo.Dmin,1,77,0,0
Florida,Humedo.Dmin,1,28,0,0
Las_Lajas,Humedo.Dmin,1,267,0,0
Ancoa,Humedo.Dmin,1,27,0,0
Chacayes,Humedo.Dmin,1,106,0,0
Chacabuquito,Humedo.Dmin,1,25,0,0
Mampil,Humedo.Dmin,1,49,0,0
La_Higuera,Humedo.Dmin,1,153,0,0
Maitenes,Humedo.Dmin,1,30.8,0,0
Juncal,Humedo.Dmin,1,32,0,0
Laja_I,Humedo.Dmin,1,34.4,0,0
Puntilla,Humedo.Dmin,1,22.13,0,0
Los_Quilos,Humedo.Dmin,1,40,0,0
Pullinque,Humedo.Dmin,1,48.6,0,0
Los_Hierros,Humedo.Dmin,1,25,0,0
San_Pedro,Humedo.Dmin,1,144,0,0
Alfalfal_02,Humedo.Dmin,1,264,0,0
El_Paso,Medio.Dmax,1,36,0,0
Blanco,Medio.Dmax,1,34.2,0,0
Confluencia,Medio.Dmax,1,95.4,0,0
San_Andres,Medio.Dmax,1,24,0,0
Alfalfal,Medio.Dmax,1,117.6,0,0
nuble,Medio.Dmax,1,81.6,0,0
Volcan,Medio.Dmax,1,37.8,0,0
Rucatayo,Medio.Dmax,1,36,0,0
Hornitos,Medio.Dmax,1,33,0,0
Pilmaiquen,Medio.Dmax,1,21,0,0
Sauzal,Medio.Dmax,1,54,0,0
Peuchen,Medio.Dmax,1,46.2,0,0
Florida,Medio.Dmax,1,16.8,0,0
Las_Lajas,Medio.Dmax,1,160.2,0,0
Ancoa,Medio.Dmax,1,16.2,0,0
Chacayes,Medio.Dmax,1,63.6,0,0
Chacabuquito,Medio.Dmax,1,15,0,0
Mampil,Medio.Dmax,1,29.4,0,0
La_Higuera,Medio.Dmax,1,91.8,0,0
Maitenes,Medio.Dmax,1,18.48,0,0
Juncal,Medio.Dmax,1,19.2,0,0
Laja_I,Medio.Dmax,1,20.64,0,0
Puntilla,Medio.Dmax,1,13.278,0,0
Los_Quilos,Medio.Dmax,1,24,0,0
Pullinque,Medio.Dmax,1,29.16,0,0
Los_Hierros,Medio.Dmax,1,15,0,0
San_Pedro,Medio.Dmax,1,86.4,0,0
Alfalfal_02,Medio.Dmax,1,158.4,0,0
El_Paso,Medio.Dmedia,1,36,0,0
Blanco,Medio.Dmedia,1,34.2,0,0
Confluencia,Medio.Dmedia,1,95.4,0,0
San_Andres,Medio.Dmedia,1,24,0,0
Alfalfal,Medio.Dmedia,1,117.6,0,0
nuble,Medio.Dmedia,1,81.6,0,0
Volcan,Medio.Dmedia,1,37.8,0,0
Rucatayo,Medio.Dmedia,1,36,0,0
Hornitos,Medio.Dmedia,1,33,0,0
Pilmaiquen,Medio.Dmedia,1,21,0,0
Sauzal,Medio.Dmedia,1,54,0,0
Peuchen,Medio.Dmedia,1,46.2,0,0
Florida,Medio.Dmedia,1,16.8,0,0
Las_Lajas,Medio.Dmedia,1,160.2,0,0
Ancoa,Medio.Dmedia,1,16.2,0,0
Chacayes,Medio.Dmedia,1,63.6,0,0
Chacabuquito,Medio.Dmedia,1,15,0,0
Mampil,Medio.Dmedia,1,29.4,0,0
La_Higuera,Medio.Dmedia,1,91.8,0,0
Maitenes,Medio.Dmedia,1,18.48,0,0
Juncal,Medio.Dmedia,1,19.2,0,0
Laja_I,Medio.Dmedia,1,20.64,0,0
Puntilla,Medio.Dmedia,1,13.278,0,0
Los_Quilos,Medio.Dmedia,1,24,0,0
Pullinque,Medio.Dmedia,1,29.16,0,0
Los_Hierros,Medio.Dmedia,1,15,0,0
San_Pedro,Medio.Dmedia,1,86.4,0,0
Alfalfal_02,Medio.Dmedia,1,158.4,0,0
El_Paso,Medio.Dmin,1,36,0,0
Blanco,Medio.Dmin,1,34.2,0,0
Confluencia,Medio.Dmin,1,95.4,0,0
San_Andres,Medio.Dmin,1,24,0,0
Alfalfal,Medio.Dmin,1,117.6,0,0
nuble,Medio.Dmin,1,81.6,0,0
Volcan,Medio.Dmin,1,37.8,0,0
Rucatayo,Medio.Dmin,1,36,0,0
Hornitos,Medio.Dmin,1,33,0,0
Pilmaiquen,Medio.Dmin,1,21,0,0
Sauzal,Medio.Dmin,1,54,0,0
Peuchen,Medio.Dmin,1,46.2,0,0
Florida,Medio.Dmin,1,16.8,0,0
Las_Lajas,Medio.Dmin,1,160.2,0,0
Ancoa,Medio.Dmin,1,16.2,0,0
Chacayes,Medio.Dmin,1,63.6,0,0
Chacabuquito,Medio.Dmin,1,15,0,0
Mampil,Medio.Dmin,1,29.4,0,0
La_Higuera,Medio.Dmin,1,91.8,0,0
Maitenes,Medio.Dmin,1,18.48,0,0
Juncal,Medio.Dmin,1,19.2,0,0
Laja_I,Medio.Dmin,1,20.64,0,0
Puntilla,Medio.Dmin,1,13.278,0,0
Los_Quilos,Medio.Dmin,1,24,0,0
Pullinque,Medio.Dmin,1,29.16,0,0
Los_Hierros,Medio.Dmin,1,15,0,0
San_Pedro,Medio.Dmin,1,86.4,0,0
Alfalfal_02,Medio.Dmin,1,158.4,0,0
El_Paso,Seco.Dmax,1,18,0,0
Blanco,Seco.Dmax,1,17.1,0,0
Confluencia,Seco.Dmax,1,47.7,0,0
San_Andres,Seco.Dmax,1,12,0,0
Alfalfal,Seco.Dmax,1,58.8,0,0
nuble,Seco.Dmax,1,40.8,0,0
Volcan,Seco.Dmax,1,18.9,0,0
Rucatayo,Seco.Dmax,1,18,0,0
Hornitos,Seco.Dmax,1,16.5,0,0
Pilmaiquen,Seco.Dmax,1,10.5,0,0
Sauzal,Seco.Dmax,1,27,0,0
Peuchen,Seco.Dmax,1,23.1,0,0
Florida,Seco.Dmax,1,8.4,0,0
Las_Lajas,Seco.Dmax,1,80.1,0,0
Ancoa,Seco.Dmax,1,8.1,0,0
Chacayes,Seco.Dmax,1,31.8,0,0
Chacabuquito,Seco.Dmax,1,7.5,0,0
Mampil,Seco.Dmax,1,14.7,0,0
La_Higuera,Seco.Dmax,1,45.9,0,0
Maitenes,Seco.Dmax,1,9.24,0,0
Juncal,Seco.Dmax,1,9.6,0,0
Laja_I,Seco.Dmax,1,10.32,0,0
Puntilla,Seco.Dmax,1,6.639,0,0
Los_Quilos,Seco.Dmax,1,12,0,0
Pullinque,Seco.Dmax,1,14.58,0,0
Los_Hierros,Seco.Dmax,1,7.5,0,0
San_Pedro,Seco.Dmax,1,43.2,0,0
Alfalfal_02,Seco.Dmax,1,79.2,0,0
El_Paso,Seco.Dmedia,1,18,0,0
Blanco,Seco.Dmedia,1,17.1,0,0
Confluencia,Seco.Dmedia,1,47.7,0,0
San_Andres,Seco.Dmedia,1,12,0,0
Alfalfal,Seco.Dmedia,1,58.8,0,0
nuble,Seco.Dmedia,1,40.8,0,0
Volcan,Seco.Dmedia,1,18.9,0,0
Rucatayo,Seco.Dmedia,1,18,0,0
Hornitos,Seco.Dmedia,1,16.5,0,0
Pilmaiquen,Seco.Dmedia,1,10.5,0,0
Sauzal,Seco.Dmedia,1,27,0,0
Peuchen,Seco.Dmedia,1,23.1,0,0
Florida,Seco.Dmedia,1,8.4,0,0
Las_Lajas,Seco.Dmedia,1,80.1,0,0
Ancoa,Seco.Dmedia,1,8.1,0,0
Chacayes,Seco.Dmedia,1,31.8,0,0
Chacabuquito,Seco.Dmedia,1,7.5,0,0
Mampil,Seco.Dmedia,1,14.7,0,0
La_Higuera,Seco.Dmedia,1,45.9,0,0
Maitenes,Seco.Dmedia,1,9.24,0,0
Juncal,Seco.Dmedia,1,9.6,0,0
Laja_I,Seco.Dmedia,1,10.32,0,0
Puntilla,Seco.Dmedia,1,6.639,0,0
Los_Quilos,Seco.Dmedia,1,12,0,0
Pullinque,Seco.Dmedia,1,14.58,0,0
Los_Hierros,Seco.Dmedia,1,7.5,0,0
San_Pedro,Seco.Dmedia,1,43.2,0,0
Alfalfal_02,Seco.Dmedia,1,79.2,0,0
El_Paso,Seco.Dmin,1,18,0,0
Blanco,Seco.Dmin,1,17.1,0,0
Confluencia,Seco.Dmin,1,47.7,0,0
San_Andres,Seco.Dmin,1,12,0,0
Alfalfal,Seco.Dmin,1,58.8,0,0
nuble,Seco.Dmin,1,40.8,0,0
Volcan,Seco.Dmin,1,18.9,0,0
Rucatayo,Seco.Dmin,1,18,0,0
Hornitos,Seco.Dmin,1,16.5,0,0
Pilmaiquen,Seco.Dmin,1,10.5,0,0
Sauzal,Seco.Dmin,1,27,0,0
Peuchen,Seco.Dmin,1,23.1,0,0
Florida,Seco.Dmin,1,8.4,0,0
Las_Lajas,Seco.Dmin,1,80.1,0,0
Ancoa,Seco.Dmin,1,8.1,0,0
Chacayes,Seco.Dmin,1,31.8,0,0
Chacabuquito,Seco.Dmin,1,7.5,0,0
Mampil,Seco.Dmin,1,14.7,0,0
La_Higuera,Seco.Dmin,1,45.9,0,0
Maitenes,Seco.Dmin,1,9.24,0,0
Juncal,Seco.Dmin,1,9.6,0,0
Laja_I,Seco.Dmin,1,10.32,0,0
Puntilla,Seco.Dmin,1,6.639,0,0
Los_Quilos,Seco.Dmin,1,12,0,0
Pullinque,Seco.Dmin,1,14.58,0,0
Los_Hierros,Seco.Dmin,1,7.5,0,0
San_Pedro,Seco.Dmin,1,43.2,0,0
Alfalfal_02,Seco.Dmin,1,79.2,0,0
San_Ignacio,Humedo.Dmax,1,37,0,0
Curillinque,Humedo.Dmax,1,89,0,0
Loma_Alta,Humedo.Dmax,1,38,0,0
Rucue,Humedo.Dmax,1,169,0,0
Isla,Humedo.Dmax,1,68,0,0
Palmucho,Humedo.Dmax,1,32,0,0
Ojos_de_Agua,Humedo.Dmax,1,9,0,0
Abanico,Humedo.Dmax,1,136,0,0
Chiburgo,Humedo.Dmax,1,19.4,0,0
Quilleco,Humedo.Dmax,1,70,0,0
San_Ignacio,Humedo.Dmedia,1,37,0,0
Curillinque,Humedo.Dmedia,1,89,0,0
Loma_Alta,Humedo.Dmedia,1,38,0,0
Rucue,Humedo.Dmedia,1,169,0,0
Isla,Humedo.Dmedia,1,68,0,0
Palmucho,Humedo.Dmedia,1,32,0,0
Ojos_de_Agua,Humedo.Dmedia,1,9,0,0
Abanico,Humedo.Dmedia,1,136,0,0
Chiburgo,Humedo.Dmedia,1,19.4,0,0
Quilleco,Humedo.Dmedia,1,70,0,0
San_Ignacio,Humedo.Dmin,1,37,0,0
Curillinque,Humedo.Dmin,1,89,0,0
Loma_Alta,Humedo.Dmin,1,38,0,0
Rucue,Humedo.Dmin,1,169,0,0
Isla,Humedo.Dmin,1,68,0,0
Palmucho,Humedo.Dmin,1,32,0,0
Ojos_de_Agua,Humedo.Dmin,1,9,0,0
Abanico,Humedo.Dmin,1,136,0,0
Chiburgo,Humedo.Dmin,1,19.4,0,0
Quilleco,Humedo.Dmin,1,70,0,0
San_Ignacio,Medio.Dmax,1,37,0,0
Curillinque,Medio.Dmax,1,53.4,0,0
Loma_Alta,Medio.Dmax,1,38,0,0
Rucue,Medio.Dmax,1,135.2,0,0
Isla,Medio.Dmax,1,40.8,0,0
Palmucho,Medio.Dmax,1,32,0,0
Ojos_de_Agua,Medio.Dmax,1,5.4,0,0
Abanico,Medio.Dmax,1,40.8,0,0
Chiburgo,Medio.Dmax,1,9.7,0,0
Quilleco,Medio.Dmax,1,42,0,0
San_Ignacio,Medio.Dmedia,1,37,0,0
Curillinque,Medio.Dmedia,1,53.4,0,0
Loma_Alta,Medio.Dmedia,1,38,0,0
Rucue,Medio.Dmedia,1,135.2,0,0
Isla,Medio.Dmedia,1,40.8,0,0
Palmucho,Medio.Dmedia,1,32,0,0
Ojos_de_Agua,Medio.Dmedia,1,5.4,0,0
Abanico,Medio.Dmedia,1,40.8,0,0
Chiburgo,Medio.Dmedia,1,9.7,0,0
Quilleco,Medio.Dmedia,1,42,0,0
San_Ignacio,Medio.Dmin,1,37,0,0
Curillinque,Medio.Dmin,1,53.4,0,0
Loma_Alta,Medio.Dmin,1,38,0,0
Rucue,Medio.Dmin,1,135.2,0,0
Isla,Medio.Dmin,1,40.8,0,0
Palmucho,Medio.Dmin,1,32,0,0
Ojos_de_Agua,Medio.Dmin,1,5.4,0,0
Abanico,Medio.Dmin,1,40.8,0,0
Chiburgo,Medio.Dmin,1,9.7,0,0
Quilleco,Medio.Dmin,1,42,0,0
San_Ignacio,Seco.Dmax,1,11.1,0,0
Curillinque,Seco.Dmax,1,26.7,0,0
Loma_Alta,Seco.Dmax,1,11.4,0,0
Rucue,Seco.Dmax,1,50.7,0,0
Isla,Seco.Dmax,1,20.4,0,0
Palmucho,Seco.Dmax,1,9.6,0,0
Ojos_de_Agua,Seco.Dmax,1,2.7,0,0
Abanico,Seco.Dmax,1,40.8,0,0
Chiburgo,Seco.Dmax,1,5.82,0,0
Quilleco,Seco.Dmax,1,21,0,0
San_Ignacio,Seco.Dmedia,1,11.1,0,0
Curillinque,Seco.Dmedia,1,26.7,0,0
Loma_Alta,Seco.Dmedia,1,11.4,0,0
Rucue,Seco.Dmedia,1,50.7,0,0
Isla,Seco.Dmedia,1,20.4,0,0
Palmucho,Seco.Dmedia,1,9.6,0,0
Ojos_de_Agua,Seco.Dmedia,1,2.7,0,0
Abanico,Seco.Dmedia,1,40.8,0,0
Chiburgo,Seco.Dmedia,1,5.82,0,0
Quilleco,Seco.Dmedia,1,21,0,0
San_Ignacio,Seco.Dmin,1,11.1,0,0
Curillinque,Seco.Dmin,1,26.7,0,0
Loma_Alta,Seco.Dmin,1,11.4,0,0
Rucue,Seco.Dmin,1,50.7,0,0
Isla,Seco.Dmin,1,20.4,0,0
Palmucho,Seco.Dmin,1,9.6,0,0
Ojos_de_Agua,Seco.Dmin,1,2.7,0,0
Abanico,Seco.Dmin,1,40.8,0,0
Chiburgo,Seco.Dmin,1,5.82,0,0
Quilleco,Seco.Dmin,1,21,0,0
Solar_SIC_Norte1,Humedo.Dmax,1,535,0,0
Solar_SIC_Norte2,Humedo.Dmax,1,303.1366032,0,0
Solar_SIC_Centro,Humedo.Dmax,1,258,0,0
Solar_SING_Centro1,Humedo.Dmax,1,451,0,0
Solar_SING_Norte,Humedo.Dmax,1,176.73,0,0
Solar_SING_Centro2,Humedo.Dmax,1,451,0,0
Solar_SIC_CentroNorte,Humedo.Dmax,1,260.4,0,0
Solar_SING_Sur,Humedo.Dmax,1,50,0,0
Solar_SIC_Norte1,Humedo.Dmedia,1,267.5,0,0
Solar_SIC_Norte2,Humedo.Dmedia,1,267.5,0,0
Solar_SIC_Centro,Humedo.Dmedia,1,129,0,0
Solar_SING_Centro1,Humedo.Dmedia,1,225.5,0,0
Solar_SING_Norte,Humedo.Dmedia,1,88.365,0,0
Solar_SING_Centro2,Humedo.Dmedia,1,225.5,0,0
Solar_SIC_CentroNorte,Humedo.Dmedia,1,130.2,0,0
Solar_SING_Sur,Humedo.Dmedia,1,25,0,0
Solar_SIC_Norte1,Humedo.Dmin,0,0,0,0
Solar_SIC_Norte2,Humedo.Dmin,0,0,0,0
Solar_SIC_Centro,Humedo.Dmin,0,0,0,0
Solar_SING_Centro1,Humedo.Dmin,0,0,0,0
Solar_SING_Norte,Humedo.Dmin,0,0,0,0
Solar_SING_Centro2,Humedo.Dmin,0,0,0,0
Solar_SIC_CentroNorte,Humedo.Dmin,0,0,0,0
Solar_SING_Sur,Humedo.Dmin,0,0,0,0
Solar_SIC_Norte1,Medio.Dmax,1,253.6366032,0,0
Solar_SIC_Norte2,Medio.Dmax,1,535,0,0
Solar_SIC_Centro,Medio.Dmax,1,258,0,0
Solar_SING_Centro1,Medio.Dmax,1,451,0,0
Solar_SING_Norte,Medio.Dmax,1,176.73,0,0
Solar_SING_Centro2,Medio.Dmax,1,451,0,0
Solar_SIC_CentroNorte,Medio.Dmax,1,260.4,0,0
Solar_SING_Sur,Medio.Dmax,1,50,0,0
Solar_SIC_Norte1,Medio.Dmedia,1,267.5,0,0
Solar_SIC_Norte2,Medio.Dmedia,1,267.5,0,0
Solar_SIC_Centro,Medio.Dmedia,1,129,0,0
Solar_SING_Centro1,Medio.Dmedia,1,225.5,0,0
Solar_SING_Norte,Medio.Dmedia,1,88.365,0,0
Solar_SING_Centro2,Medio.Dmedia,1,225.5,0,0
Solar_SIC_CentroNorte,Medio.Dmedia,1,130.2,0,0
Solar_SING_Sur,Medio.Dmedia,1,25,0,0
Solar_SIC_Norte1,Medio.Dmin,0,0,0,0
Solar_SIC_Norte2,Medio.Dmin,0,0,0,0
Solar_SIC_Centro,Medio.Dmin,0,0,0,0
Solar_SING_Centro1,Medio.Dmin,0,0,0,0
Solar_SING_Norte,Medio.Dmin,0,0,0,0
Solar_SING_Centro2,Medio.Dmin,0,0,0,0
Solar_SIC_CentroNorte,Medio.Dmin,0,0,0,0
Solar_SING_Sur,Medio.Dmin,0,0,0,0
Solar_SIC_Norte1,Seco.Dmax,1,535,0,0
Solar_SIC_Norte2,Seco.Dmax,1,303.1366032,0,0
Solar_SIC_Centro,Seco.Dmax,1,258,0,0
Solar_SING_Centro1,Seco.Dmax,1,451,0,0
Solar_SING_Norte,Seco.Dmax,1,176.73,0,0
Solar_SING_Centro2,Seco.Dmax,1,451,0,0
Solar_SIC_CentroNorte,Seco.Dmax,1,260.4,0,0
Solar_SING_Sur,Seco.Dmax,1,50,0,0
Solar_SIC_Norte1,Seco.Dmedia,1,267.5,0,0
Solar_SIC_Norte2,Seco.Dmedia,1,267.5,0,0
Solar_SIC_Centro,Seco.Dmedia,1,129,0,0
Solar_SING_Centro1,Seco.Dmedia,1,225.5,0,0
Solar_SING_Norte,Seco.Dmedia,1,88.365,0,0
Solar_SING_Centro2,Seco.Dmedia,1,225.5,0,0
Solar_SIC_CentroNorte,Seco.Dmedia,1,130.2,0,0
Solar_SING_Sur,Seco.Dmedia,1,25,0,0
Solar_SIC_Norte1,Seco.Dmin,0,0,0,0
Solar_SIC_Norte2,Seco.Dmin,0,0,0,0
Solar_SIC_Centro,Seco.Dmin,0,0,0,0
Solar_SING_Centro1,Seco.Dmin,0,0,0,0
Solar_SING_Norte,Seco.Dmin,0,0,0,0
Solar_SING_Centro2,Seco.Dmin,0,0,0,0
Solar_SIC_CentroNorte,Seco.Dmin,0,0,0,0
Solar_SING_Sur,Seco.Dmin,0,0,0,0
