GENERADORES,ESCENARIOS,gen_cvar,gen_rupmax,gen_rdnmax,gen_factorcap,tipo,barra
Nueva_Ventanas,Seco.Dmin,37.64904188,999,999,1,Carbon,SIC_Centro
Campiche,Seco.Dmin,37.91690018,999,999,1,Carbon,SIC_Centro
Ventanas_02,Seco.Dmin,39.89699388,999,999,1,Carbon,SIC_Centro
Ventanas_01,Seco.Dmin,42.44335633,999,999,1,Carbon,SIC_Centro
Guacolda_03,Seco.Dmin,29.05,999,999,1,Carbon,SIC_CentroNorte
Guacolda_04,Seco.Dmin,32.023,999,999,1,Carbon,SIC_CentroNorte
Guacolda_01,Seco.Dmin,32.7484,999,999,1,Carbon,SIC_CentroNorte
Guacolda_02,Seco.Dmin,32.8528,999,999,1,Carbon,SIC_CentroNorte
Guacolda_05,Seco.Dmin,40.50964896,999,999,1,Carbon,SIC_CentroNorte
Santa_Maria,Seco.Dmin,33.89169646,999,999,1,Carbon,SIC_CentroSurC
Bocamina_02,Seco.Dmin,44.81518306,999,999,1,Carbon,SIC_CentroSurC
Bocamina_01,Seco.Dmin,48.09768973,999,999,1,Carbon,SIC_CentroSurC
NTO2,Seco.Dmin,29.8567,999,999,1,Carbon,SING_Centro
NTO1,Seco.Dmin,30.15688,999,999,1,Carbon,SING_Centro
CTM2,Seco.Dmin,32.2307248,999,999,1,Carbon,SING_Centro
CTH,Seco.Dmin,32.71240159,999,999,1,Carbon,SING_Centro
CTM1,Seco.Dmin,33.1455574,999,999,1,Carbon,SING_Centro
CTA,Seco.Dmin,34.98930347,999,999,1,Carbon,SING_Centro
U15,Seco.Dmin,36.8778299,999,999,1,Carbon,SING_Centro
U14,Seco.Dmin,38.2190069,999,999,1,Carbon,SING_Centro
U13,Seco.Dmin,42.217497,999,999,1,Carbon,SING_Centro
U12,Seco.Dmin,44.032503,999,999,1,Carbon,SING_Centro
COCHRANE_1,Seco.Dmin,46.51138814,999,999,1,Carbon,SING_Centro
COCHRANE_2,Seco.Dmin,46.51138814,999,999,1,Carbon,SING_Centro
CTTAR,Seco.Dmin,33.198374,999,999,1,Carbon,SING_Norte
ANG_II,Seco.Dmin,41.04048968,999,999,1,Carbon,SING_Sur
ANG_I,Seco.Dmin,42.45048968,999,999,1,Carbon,SING_Sur
IEMejillones,Seco.Dmin,43.79474211,999,999,1,Carbon,SING_Sur
Nueva_Renca_Diesel,Seco.Dmin,120.5464769,999,999,1,Diesel,SIC_Centro
Nehuenco_02_Diesel,Seco.Dmin,121.0384651,999,999,1,Diesel,SIC_Centro
Nehuenco_01_Diesel,Seco.Dmin,121.1952869,999,999,1,Diesel,SIC_Centro
Dona_Carmen,Seco.Dmin,157.8250806,999,999,1,Diesel,SIC_Centro
Espinos_01,Seco.Dmin,175.315902,999,999,1,Diesel,SIC_Centro
Los_Vientos,Seco.Dmin,179.3565017,999,999,1,Diesel,SIC_Centro
Cardones,Seco.Dmin,174.37435,999,999,1,Diesel,SIC_CentroNorte
Teno,Seco.Dmin,180.5514389,999,999,1,Diesel,SIC_CentroSurA
Los_Pinos,Seco.Dmin,148.5568851,999,999,1,Diesel,SIC_CentroSurC
Coronel_TG_Diesel,Seco.Dmin,165.8908952,999,999,1,Diesel,SIC_CentroSurC
Santa_Lidia,Seco.Dmin,181.2146294,999,999,1,Diesel,SIC_CentroSurC
Taltal_01_Diesel,Seco.Dmin,176.8500902,999,999,1,Diesel,SIC_Norte
Taltal_02_Diesel,Seco.Dmin,176.8500902,999,999,1,Diesel,SIC_Norte
Antilhue_TG_01,Seco.Dmin,197.3656384,999,999,1,Diesel,SIC_Sur
Antilhue_TG_02,Seco.Dmin,197.3656384,999,999,1,Diesel,SIC_Sur
San_Isidro_02_GNL,Seco.Dmin,69.48129023,999,999,1,GNL,SIC_Centro
San_Isidro_GNL,Seco.Dmin,73.58766746,999,999,1,GNL,SIC_Centro
CTM3_SIC,Seco.Dmin,62.65109403,999,999,1,GNL,SIC_CentroNorte
U16_GNL,Seco.Dmin,38.91293792,999,999,1,GNL,SING_Centro
KELAR,Seco.Dmin,62.01728,999,999,1,GNL,SING_Sur
CC1_GNL,Seco.Dmin,108.6798098,999,999,1,GNL,SING_Sur
CC2_GNL,Seco.Dmin,108.6798098,999,999,1,GNL,SING_Sur
Rapel,Seco.Dmin,160,0,999,0.3,Embalse,SIC_Centro
Colbun,Seco.Dmin,160,0,999,0.3,Embalse,SIC_Centro
Machicura,Seco.Dmin,160,0,999,0.3,Embalse,SIC_Centro
Cipreses,Seco.Dmin,160,0,999,0.3,Embalse,SIC_CentroSurA
Los_Condores,Seco.Dmin,160,0,999,0.3,Embalse,SIC_CentroSurA
Pehuenche,Seco.Dmin,160,0,999,0.3,Embalse,SIC_CentroSurA
El_Toro,Seco.Dmin,160,0,999,0.3,Embalse,SIC_CentroSurC
Ralco,Seco.Dmin,160,0,999,0.3,Embalse,SIC_CentroSurC
Pangue,Seco.Dmin,160,0,999,0.3,Embalse,SIC_CentroSurC
Antuco,Seco.Dmin,160,0,999,0.3,Embalse,SIC_CentroSurC
Angostura,Seco.Dmin,160,0,999,0.3,Embalse,SIC_CentroSurC
Canutillar,Seco.Dmin,160,0,999,0.3,Embalse,SIC_Sur
Hornitos,Seco.Dmin,0,0,999,0.3,Pasada,SIC_Centro
Juncal,Seco.Dmin,0,0,999,0.3,Pasada,SIC_Centro
Blanco,Seco.Dmin,0,0,999,0.3,Pasada,SIC_Centro
Chacabuquito,Seco.Dmin,0,0,999,0.3,Pasada,SIC_Centro
Los_Quilos,Seco.Dmin,0,0,999,0.3,Pasada,SIC_Centro
Alfalfal,Seco.Dmin,0,0,999,0.3,Pasada,SIC_Centro
Florida,Seco.Dmin,0,0,999,0.3,Pasada,SIC_Centro
Maitenes,Seco.Dmin,0,0,999,0.3,Pasada,SIC_Centro
Volcan,Seco.Dmin,0,0,999,0.3,Pasada,SIC_Centro
Puntilla,Seco.Dmin,0,0,999,0.3,Pasada,SIC_Centro
Sauzal,Seco.Dmin,0,0,999,0.3,Pasada,SIC_Centro
Chacayes,Seco.Dmin,0,0,999,0.3,Pasada,SIC_Centro
Alfalfal_02,Seco.Dmin,0,0,999,0.3,Pasada,SIC_Centro
Las_Lajas,Seco.Dmin,0,0,999,0.3,Pasada,SIC_Centro
La_Higuera,Seco.Dmin,0,0,999,0.3,Pasada,SIC_CentroSurA
Confluencia,Seco.Dmin,0,0,999,0.3,Pasada,SIC_CentroSurA
San_Andres,Seco.Dmin,0,0,999,0.3,Pasada,SIC_CentroSurA
Los_Hierros,Seco.Dmin,0,0,999,0.3,Pasada,SIC_CentroSurA
El_Paso,Seco.Dmin,0,0,999,0.3,Pasada,SIC_CentroSurA
nuble,Seco.Dmin,0,0,999,0.3,Pasada,SIC_CentroSurA
Ancoa,Seco.Dmin,0,0,999,0.3,Pasada,SIC_CentroSurA
Peuchen,Seco.Dmin,0,0,999,0.3,Pasada,SIC_CentroSurC
Mampil,Seco.Dmin,0,0,999,0.3,Pasada,SIC_CentroSurC
Pullinque,Seco.Dmin,0,0,999,0.3,Pasada,SIC_Sur
Pilmaiquen,Seco.Dmin,0,0,999,0.3,Pasada,SIC_Sur
Rucatayo,Seco.Dmin,0,0,999,0.3,Pasada,SIC_Sur
Laja_I,Seco.Dmin,0,0,999,0.3,Pasada,SIC_Sur
San_Pedro,Seco.Dmin,0,0,999,0.3,Pasada,SIC_Sur
Chiburgo,Seco.Dmin,0,0,999,0.3,Serie,SIC_Centro
Isla,Seco.Dmin,0,0,999,0.3,Serie,SIC_CentroSurA
Curillinque,Seco.Dmin,0,0,999,0.3,Serie,SIC_CentroSurA
Loma_Alta,Seco.Dmin,0,0,999,0.3,Serie,SIC_CentroSurA
San_Ignacio,Seco.Dmin,0,0,999,0.3,Serie,SIC_CentroSurA
Ojos_de_Agua,Seco.Dmin,0,0,999,0.3,Serie,SIC_CentroSurA
Abanico,Seco.Dmin,0,0,999,0.3,Serie,SIC_CentroSurC
Rucue,Seco.Dmin,0,0,999,0.3,Serie,SIC_CentroSurC
Quilleco,Seco.Dmin,0,0,999,0.3,Serie,SIC_CentroSurC
Palmucho,Seco.Dmin,0,0,999,0.3,Serie,SIC_CentroSurC
Eolico-SIC_Centro,Seco.Dmin,0,0,999,0.5,Eolico,SIC_Centro
Eolico-SIC_CentroNorte,Seco.Dmin,0,0,999,0.5,Eolico,SIC_CentroNorte
Eolico_SIC_CentroSurC,Seco.Dmin,0,0,999,0.5,Eolico,SIC_CentroSurC
Eolico_SIC_Norte,Seco.Dmin,0,0,999,0.5,Eolico,SIC_Norte
Eolico_SIC_Sur,Seco.Dmin,0,0,999,0.5,Eolico,SIC_Sur
Eolico_SING_Centro,Seco.Dmin,0,0,999,0.5,Eolico,SING_Centro
Solar_SIC_Centro,Seco.Dmin,0,0,999,0,Solar,SIC_Centro
Solar_SIC_CentroNorte,Seco.Dmin,0,0,999,0,Solar,SIC_CentroNorte
Solar_SIC_Norte1,Seco.Dmin,0,0,999,0,Solar,SIC_Norte
Solar_SIC_Norte2,Seco.Dmin,0,0,999,0,Solar,SIC_Norte
Solar_SING_Centro1,Seco.Dmin,0,0,999,0,Solar,SING_Centro
Solar_SING_Centro2,Seco.Dmin,0,0,999,0,Solar,SING_Centro
Solar_SING_Norte,Seco.Dmin,0,0,999,0,Solar,SING_Norte
Solar_SING_Sur,Seco.Dmin,0,0,999,0,Solar,SING_Sur
Nueva_Ventanas,Seco.Dmax,37.64904188,999,999,1,Carbon,SIC_Centro
Campiche,Seco.Dmax,37.91690018,999,999,1,Carbon,SIC_Centro
Ventanas_02,Seco.Dmax,39.89699388,999,999,1,Carbon,SIC_Centro
Ventanas_01,Seco.Dmax,42.44335633,999,999,1,Carbon,SIC_Centro
Guacolda_03,Seco.Dmax,29.05,999,999,1,Carbon,SIC_CentroNorte
Guacolda_04,Seco.Dmax,32.023,999,999,1,Carbon,SIC_CentroNorte
Guacolda_01,Seco.Dmax,32.7484,999,999,1,Carbon,SIC_CentroNorte
Guacolda_02,Seco.Dmax,32.8528,999,999,1,Carbon,SIC_CentroNorte
Guacolda_05,Seco.Dmax,40.50964896,999,999,1,Carbon,SIC_CentroNorte
Santa_Maria,Seco.Dmax,33.89169646,999,999,1,Carbon,SIC_CentroSurC
Bocamina_02,Seco.Dmax,44.81518306,999,999,1,Carbon,SIC_CentroSurC
Bocamina_01,Seco.Dmax,48.09768973,999,999,1,Carbon,SIC_CentroSurC
NTO2,Seco.Dmax,29.8567,999,999,1,Carbon,SING_Centro
NTO1,Seco.Dmax,30.15688,999,999,1,Carbon,SING_Centro
CTM2,Seco.Dmax,32.2307248,999,999,1,Carbon,SING_Centro
CTH,Seco.Dmax,32.71240159,999,999,1,Carbon,SING_Centro
CTM1,Seco.Dmax,33.1455574,999,999,1,Carbon,SING_Centro
CTA,Seco.Dmax,34.98930347,999,999,1,Carbon,SING_Centro
U15,Seco.Dmax,36.8778299,999,999,1,Carbon,SING_Centro
U14,Seco.Dmax,38.2190069,999,999,1,Carbon,SING_Centro
U13,Seco.Dmax,42.217497,999,999,1,Carbon,SING_Centro
U12,Seco.Dmax,44.032503,999,999,1,Carbon,SING_Centro
COCHRANE_1,Seco.Dmax,46.51138814,999,999,1,Carbon,SING_Centro
COCHRANE_2,Seco.Dmax,46.51138814,999,999,1,Carbon,SING_Centro
CTTAR,Seco.Dmax,33.198374,999,999,1,Carbon,SING_Norte
ANG_II,Seco.Dmax,41.04048968,999,999,1,Carbon,SING_Sur
ANG_I,Seco.Dmax,42.45048968,999,999,1,Carbon,SING_Sur
IEMejillones,Seco.Dmax,43.79474211,999,999,1,Carbon,SING_Sur
Nueva_Renca_Diesel,Seco.Dmax,120.5464769,999,999,1,Diesel,SIC_Centro
Nehuenco_02_Diesel,Seco.Dmax,121.0384651,999,999,1,Diesel,SIC_Centro
Nehuenco_01_Diesel,Seco.Dmax,121.1952869,999,999,1,Diesel,SIC_Centro
Dona_Carmen,Seco.Dmax,157.8250806,999,999,1,Diesel,SIC_Centro
Espinos_01,Seco.Dmax,175.315902,999,999,1,Diesel,SIC_Centro
Los_Vientos,Seco.Dmax,179.3565017,999,999,1,Diesel,SIC_Centro
Cardones,Seco.Dmax,174.37435,999,999,1,Diesel,SIC_CentroNorte
Teno,Seco.Dmax,180.5514389,999,999,1,Diesel,SIC_CentroSurA
Los_Pinos,Seco.Dmax,148.5568851,999,999,1,Diesel,SIC_CentroSurC
Coronel_TG_Diesel,Seco.Dmax,165.8908952,999,999,1,Diesel,SIC_CentroSurC
Santa_Lidia,Seco.Dmax,181.2146294,999,999,1,Diesel,SIC_CentroSurC
Taltal_01_Diesel,Seco.Dmax,176.8500902,999,999,1,Diesel,SIC_Norte
Taltal_02_Diesel,Seco.Dmax,176.8500902,999,999,1,Diesel,SIC_Norte
Antilhue_TG_01,Seco.Dmax,197.3656384,999,999,1,Diesel,SIC_Sur
Antilhue_TG_02,Seco.Dmax,197.3656384,999,999,1,Diesel,SIC_Sur
San_Isidro_02_GNL,Seco.Dmax,69.48129023,999,999,1,GNL,SIC_Centro
San_Isidro_GNL,Seco.Dmax,73.58766746,999,999,1,GNL,SIC_Centro
CTM3_SIC,Seco.Dmax,62.65109403,999,999,1,GNL,SIC_CentroNorte
U16_GNL,Seco.Dmax,38.91293792,999,999,1,GNL,SING_Centro
KELAR,Seco.Dmax,62.01728,999,999,1,GNL,SING_Sur
CC1_GNL,Seco.Dmax,108.6798098,999,999,1,GNL,SING_Sur
CC2_GNL,Seco.Dmax,108.6798098,999,999,1,GNL,SING_Sur
Rapel,Seco.Dmax,160,0,999,0.3,Embalse,SIC_Centro
Colbun,Seco.Dmax,160,0,999,0.3,Embalse,SIC_Centro
Machicura,Seco.Dmax,160,0,999,0.3,Embalse,SIC_Centro
Cipreses,Seco.Dmax,160,0,999,0.3,Embalse,SIC_CentroSurA
Los_Condores,Seco.Dmax,160,0,999,0.3,Embalse,SIC_CentroSurA
Pehuenche,Seco.Dmax,160,0,999,0.3,Embalse,SIC_CentroSurA
El_Toro,Seco.Dmax,160,0,999,0.3,Embalse,SIC_CentroSurC
Ralco,Seco.Dmax,160,0,999,0.3,Embalse,SIC_CentroSurC
Pangue,Seco.Dmax,160,0,999,0.3,Embalse,SIC_CentroSurC
Antuco,Seco.Dmax,160,0,999,0.3,Embalse,SIC_CentroSurC
Angostura,Seco.Dmax,160,0,999,0.3,Embalse,SIC_CentroSurC
Canutillar,Seco.Dmax,160,0,999,0.3,Embalse,SIC_Sur
Hornitos,Seco.Dmax,0,0,999,0.3,Pasada,SIC_Centro
Juncal,Seco.Dmax,0,0,999,0.3,Pasada,SIC_Centro
Blanco,Seco.Dmax,0,0,999,0.3,Pasada,SIC_Centro
Chacabuquito,Seco.Dmax,0,0,999,0.3,Pasada,SIC_Centro
Los_Quilos,Seco.Dmax,0,0,999,0.3,Pasada,SIC_Centro
Alfalfal,Seco.Dmax,0,0,999,0.3,Pasada,SIC_Centro
Florida,Seco.Dmax,0,0,999,0.3,Pasada,SIC_Centro
Maitenes,Seco.Dmax,0,0,999,0.3,Pasada,SIC_Centro
Volcan,Seco.Dmax,0,0,999,0.3,Pasada,SIC_Centro
Puntilla,Seco.Dmax,0,0,999,0.3,Pasada,SIC_Centro
Sauzal,Seco.Dmax,0,0,999,0.3,Pasada,SIC_Centro
Chacayes,Seco.Dmax,0,0,999,0.3,Pasada,SIC_Centro
Alfalfal_02,Seco.Dmax,0,0,999,0.3,Pasada,SIC_Centro
Las_Lajas,Seco.Dmax,0,0,999,0.3,Pasada,SIC_Centro
La_Higuera,Seco.Dmax,0,0,999,0.3,Pasada,SIC_CentroSurA
Confluencia,Seco.Dmax,0,0,999,0.3,Pasada,SIC_CentroSurA
San_Andres,Seco.Dmax,0,0,999,0.3,Pasada,SIC_CentroSurA
Los_Hierros,Seco.Dmax,0,0,999,0.3,Pasada,SIC_CentroSurA
El_Paso,Seco.Dmax,0,0,999,0.3,Pasada,SIC_CentroSurA
nuble,Seco.Dmax,0,0,999,0.3,Pasada,SIC_CentroSurA
Ancoa,Seco.Dmax,0,0,999,0.3,Pasada,SIC_CentroSurA
Peuchen,Seco.Dmax,0,0,999,0.3,Pasada,SIC_CentroSurC
Mampil,Seco.Dmax,0,0,999,0.3,Pasada,SIC_CentroSurC
Pullinque,Seco.Dmax,0,0,999,0.3,Pasada,SIC_Sur
Pilmaiquen,Seco.Dmax,0,0,999,0.3,Pasada,SIC_Sur
Rucatayo,Seco.Dmax,0,0,999,0.3,Pasada,SIC_Sur
Laja_I,Seco.Dmax,0,0,999,0.3,Pasada,SIC_Sur
San_Pedro,Seco.Dmax,0,0,999,0.3,Pasada,SIC_Sur
Chiburgo,Seco.Dmax,0,0,999,0.3,Serie,SIC_Centro
Isla,Seco.Dmax,0,0,999,0.3,Serie,SIC_CentroSurA
Curillinque,Seco.Dmax,0,0,999,0.3,Serie,SIC_CentroSurA
Loma_Alta,Seco.Dmax,0,0,999,0.3,Serie,SIC_CentroSurA
San_Ignacio,Seco.Dmax,0,0,999,0.3,Serie,SIC_CentroSurA
Ojos_de_Agua,Seco.Dmax,0,0,999,0.3,Serie,SIC_CentroSurA
Abanico,Seco.Dmax,0,0,999,0.3,Serie,SIC_CentroSurC
Rucue,Seco.Dmax,0,0,999,0.3,Serie,SIC_CentroSurC
Quilleco,Seco.Dmax,0,0,999,0.3,Serie,SIC_CentroSurC
Palmucho,Seco.Dmax,0,0,999,0.3,Serie,SIC_CentroSurC
Eolico-SIC_Centro,Seco.Dmax,0,0,999,0.5,Eolico,SIC_Centro
Eolico-SIC_CentroNorte,Seco.Dmax,0,0,999,0.5,Eolico,SIC_CentroNorte
Eolico_SIC_CentroSurC,Seco.Dmax,0,0,999,0.5,Eolico,SIC_CentroSurC
Eolico_SIC_Norte,Seco.Dmax,0,0,999,0.5,Eolico,SIC_Norte
Eolico_SIC_Sur,Seco.Dmax,0,0,999,0.5,Eolico,SIC_Sur
Eolico_SING_Centro,Seco.Dmax,0,0,999,0.5,Eolico,SING_Centro
Solar_SIC_Centro,Seco.Dmax,0,0,999,1,Solar,SIC_Centro
Solar_SIC_CentroNorte,Seco.Dmax,0,0,999,1,Solar,SIC_CentroNorte
Solar_SIC_Norte1,Seco.Dmax,0,0,999,1,Solar,SIC_Norte
Solar_SIC_Norte2,Seco.Dmax,0,0,999,1,Solar,SIC_Norte
Solar_SING_Centro1,Seco.Dmax,0,0,999,1,Solar,SING_Centro
Solar_SING_Centro2,Seco.Dmax,0,0,999,1,Solar,SING_Centro
Solar_SING_Norte,Seco.Dmax,0,0,999,1,Solar,SING_Norte
Solar_SING_Sur,Seco.Dmax,0,0,999,1,Solar,SING_Sur
Nueva_Ventanas,Seco.Dmedia,37.64904188,999,999,1,Carbon,SIC_Centro
Campiche,Seco.Dmedia,37.91690018,999,999,1,Carbon,SIC_Centro
Ventanas_02,Seco.Dmedia,39.89699388,999,999,1,Carbon,SIC_Centro
Ventanas_01,Seco.Dmedia,42.44335633,999,999,1,Carbon,SIC_Centro
Guacolda_03,Seco.Dmedia,29.05,999,999,1,Carbon,SIC_CentroNorte
Guacolda_04,Seco.Dmedia,32.023,999,999,1,Carbon,SIC_CentroNorte
Guacolda_01,Seco.Dmedia,32.7484,999,999,1,Carbon,SIC_CentroNorte
Guacolda_02,Seco.Dmedia,32.8528,999,999,1,Carbon,SIC_CentroNorte
Guacolda_05,Seco.Dmedia,40.50964896,999,999,1,Carbon,SIC_CentroNorte
Santa_Maria,Seco.Dmedia,33.89169646,999,999,1,Carbon,SIC_CentroSurC
Bocamina_02,Seco.Dmedia,44.81518306,999,999,1,Carbon,SIC_CentroSurC
Bocamina_01,Seco.Dmedia,48.09768973,999,999,1,Carbon,SIC_CentroSurC
NTO2,Seco.Dmedia,29.8567,999,999,1,Carbon,SING_Centro
NTO1,Seco.Dmedia,30.15688,999,999,1,Carbon,SING_Centro
CTM2,Seco.Dmedia,32.2307248,999,999,1,Carbon,SING_Centro
CTH,Seco.Dmedia,32.71240159,999,999,1,Carbon,SING_Centro
CTM1,Seco.Dmedia,33.1455574,999,999,1,Carbon,SING_Centro
CTA,Seco.Dmedia,34.98930347,999,999,1,Carbon,SING_Centro
U15,Seco.Dmedia,36.8778299,999,999,1,Carbon,SING_Centro
U14,Seco.Dmedia,38.2190069,999,999,1,Carbon,SING_Centro
U13,Seco.Dmedia,42.217497,999,999,1,Carbon,SING_Centro
U12,Seco.Dmedia,44.032503,999,999,1,Carbon,SING_Centro
COCHRANE_1,Seco.Dmedia,46.51138814,999,999,1,Carbon,SING_Centro
COCHRANE_2,Seco.Dmedia,46.51138814,999,999,1,Carbon,SING_Centro
CTTAR,Seco.Dmedia,33.198374,999,999,1,Carbon,SING_Norte
ANG_II,Seco.Dmedia,41.04048968,999,999,1,Carbon,SING_Sur
ANG_I,Seco.Dmedia,42.45048968,999,999,1,Carbon,SING_Sur
IEMejillones,Seco.Dmedia,43.79474211,999,999,1,Carbon,SING_Sur
Nueva_Renca_Diesel,Seco.Dmedia,120.5464769,999,999,1,Diesel,SIC_Centro
Nehuenco_02_Diesel,Seco.Dmedia,121.0384651,999,999,1,Diesel,SIC_Centro
Nehuenco_01_Diesel,Seco.Dmedia,121.1952869,999,999,1,Diesel,SIC_Centro
Dona_Carmen,Seco.Dmedia,157.8250806,999,999,1,Diesel,SIC_Centro
Espinos_01,Seco.Dmedia,175.315902,999,999,1,Diesel,SIC_Centro
Los_Vientos,Seco.Dmedia,179.3565017,999,999,1,Diesel,SIC_Centro
Cardones,Seco.Dmedia,174.37435,999,999,1,Diesel,SIC_CentroNorte
Teno,Seco.Dmedia,180.5514389,999,999,1,Diesel,SIC_CentroSurA
Los_Pinos,Seco.Dmedia,148.5568851,999,999,1,Diesel,SIC_CentroSurC
Coronel_TG_Diesel,Seco.Dmedia,165.8908952,999,999,1,Diesel,SIC_CentroSurC
Santa_Lidia,Seco.Dmedia,181.2146294,999,999,1,Diesel,SIC_CentroSurC
Taltal_01_Diesel,Seco.Dmedia,176.8500902,999,999,1,Diesel,SIC_Norte
Taltal_02_Diesel,Seco.Dmedia,176.8500902,999,999,1,Diesel,SIC_Norte
Antilhue_TG_01,Seco.Dmedia,197.3656384,999,999,1,Diesel,SIC_Sur
Antilhue_TG_02,Seco.Dmedia,197.3656384,999,999,1,Diesel,SIC_Sur
San_Isidro_02_GNL,Seco.Dmedia,69.48129023,999,999,1,GNL,SIC_Centro
San_Isidro_GNL,Seco.Dmedia,73.58766746,999,999,1,GNL,SIC_Centro
CTM3_SIC,Seco.Dmedia,62.65109403,999,999,1,GNL,SIC_CentroNorte
U16_GNL,Seco.Dmedia,38.91293792,999,999,1,GNL,SING_Centro
KELAR,Seco.Dmedia,62.01728,999,999,1,GNL,SING_Sur
CC1_GNL,Seco.Dmedia,108.6798098,999,999,1,GNL,SING_Sur
CC2_GNL,Seco.Dmedia,108.6798098,999,999,1,GNL,SING_Sur
Rapel,Seco.Dmedia,160,0,999,0.3,Embalse,SIC_Centro
Colbun,Seco.Dmedia,160,0,999,0.3,Embalse,SIC_Centro
Machicura,Seco.Dmedia,160,0,999,0.3,Embalse,SIC_Centro
Cipreses,Seco.Dmedia,160,0,999,0.3,Embalse,SIC_CentroSurA
Los_Condores,Seco.Dmedia,160,0,999,0.3,Embalse,SIC_CentroSurA
Pehuenche,Seco.Dmedia,160,0,999,0.3,Embalse,SIC_CentroSurA
El_Toro,Seco.Dmedia,160,0,999,0.3,Embalse,SIC_CentroSurC
Ralco,Seco.Dmedia,160,0,999,0.3,Embalse,SIC_CentroSurC
Pangue,Seco.Dmedia,160,0,999,0.3,Embalse,SIC_CentroSurC
Antuco,Seco.Dmedia,160,0,999,0.3,Embalse,SIC_CentroSurC
Angostura,Seco.Dmedia,160,0,999,0.3,Embalse,SIC_CentroSurC
Canutillar,Seco.Dmedia,160,0,999,0.3,Embalse,SIC_Sur
Hornitos,Seco.Dmedia,0,0,999,0.3,Pasada,SIC_Centro
Juncal,Seco.Dmedia,0,0,999,0.3,Pasada,SIC_Centro
Blanco,Seco.Dmedia,0,0,999,0.3,Pasada,SIC_Centro
Chacabuquito,Seco.Dmedia,0,0,999,0.3,Pasada,SIC_Centro
Los_Quilos,Seco.Dmedia,0,0,999,0.3,Pasada,SIC_Centro
Alfalfal,Seco.Dmedia,0,0,999,0.3,Pasada,SIC_Centro
Florida,Seco.Dmedia,0,0,999,0.3,Pasada,SIC_Centro
Maitenes,Seco.Dmedia,0,0,999,0.3,Pasada,SIC_Centro
Volcan,Seco.Dmedia,0,0,999,0.3,Pasada,SIC_Centro
Puntilla,Seco.Dmedia,0,0,999,0.3,Pasada,SIC_Centro
Sauzal,Seco.Dmedia,0,0,999,0.3,Pasada,SIC_Centro
Chacayes,Seco.Dmedia,0,0,999,0.3,Pasada,SIC_Centro
Alfalfal_02,Seco.Dmedia,0,0,999,0.3,Pasada,SIC_Centro
Las_Lajas,Seco.Dmedia,0,0,999,0.3,Pasada,SIC_Centro
La_Higuera,Seco.Dmedia,0,0,999,0.3,Pasada,SIC_CentroSurA
Confluencia,Seco.Dmedia,0,0,999,0.3,Pasada,SIC_CentroSurA
San_Andres,Seco.Dmedia,0,0,999,0.3,Pasada,SIC_CentroSurA
Los_Hierros,Seco.Dmedia,0,0,999,0.3,Pasada,SIC_CentroSurA
El_Paso,Seco.Dmedia,0,0,999,0.3,Pasada,SIC_CentroSurA
nuble,Seco.Dmedia,0,0,999,0.3,Pasada,SIC_CentroSurA
Ancoa,Seco.Dmedia,0,0,999,0.3,Pasada,SIC_CentroSurA
Peuchen,Seco.Dmedia,0,0,999,0.3,Pasada,SIC_CentroSurC
Mampil,Seco.Dmedia,0,0,999,0.3,Pasada,SIC_CentroSurC
Pullinque,Seco.Dmedia,0,0,999,0.3,Pasada,SIC_Sur
Pilmaiquen,Seco.Dmedia,0,0,999,0.3,Pasada,SIC_Sur
Rucatayo,Seco.Dmedia,0,0,999,0.3,Pasada,SIC_Sur
Laja_I,Seco.Dmedia,0,0,999,0.3,Pasada,SIC_Sur
San_Pedro,Seco.Dmedia,0,0,999,0.3,Pasada,SIC_Sur
Chiburgo,Seco.Dmedia,0,0,999,0.3,Serie,SIC_Centro
Isla,Seco.Dmedia,0,0,999,0.3,Serie,SIC_CentroSurA
Curillinque,Seco.Dmedia,0,0,999,0.3,Serie,SIC_CentroSurA
Loma_Alta,Seco.Dmedia,0,0,999,0.3,Serie,SIC_CentroSurA
San_Ignacio,Seco.Dmedia,0,0,999,0.3,Serie,SIC_CentroSurA
Ojos_de_Agua,Seco.Dmedia,0,0,999,0.3,Serie,SIC_CentroSurA
Abanico,Seco.Dmedia,0,0,999,0.3,Serie,SIC_CentroSurC
Rucue,Seco.Dmedia,0,0,999,0.3,Serie,SIC_CentroSurC
Quilleco,Seco.Dmedia,0,0,999,0.3,Serie,SIC_CentroSurC
Palmucho,Seco.Dmedia,0,0,999,0.3,Serie,SIC_CentroSurC
Eolico-SIC_Centro,Seco.Dmedia,0,0,999,0.5,Eolico,SIC_Centro
Eolico-SIC_CentroNorte,Seco.Dmedia,0,0,999,0.5,Eolico,SIC_CentroNorte
Eolico_SIC_CentroSurC,Seco.Dmedia,0,0,999,0.5,Eolico,SIC_CentroSurC
Eolico_SIC_Norte,Seco.Dmedia,0,0,999,0.5,Eolico,SIC_Norte
Eolico_SIC_Sur,Seco.Dmedia,0,0,999,0.5,Eolico,SIC_Sur
Eolico_SING_Centro,Seco.Dmedia,0,0,999,0.5,Eolico,SING_Centro
Solar_SIC_Centro,Seco.Dmedia,0,0,999,0.5,Solar,SIC_Centro
Solar_SIC_CentroNorte,Seco.Dmedia,0,0,999,0.5,Solar,SIC_CentroNorte
Solar_SIC_Norte1,Seco.Dmedia,0,0,999,0.5,Solar,SIC_Norte
Solar_SIC_Norte2,Seco.Dmedia,0,0,999,0.5,Solar,SIC_Norte
Solar_SING_Centro1,Seco.Dmedia,0,0,999,0.5,Solar,SING_Centro
Solar_SING_Centro2,Seco.Dmedia,0,0,999,0.5,Solar,SING_Centro
Solar_SING_Norte,Seco.Dmedia,0,0,999,0.5,Solar,SING_Norte
Solar_SING_Sur,Seco.Dmedia,0,0,999,0.5,Solar,SING_Sur
Nueva_Ventanas,Medio.Dmin,37.64904188,999,999,1,Carbon,SIC_Centro
Campiche,Medio.Dmin,37.91690018,999,999,1,Carbon,SIC_Centro
Ventanas_02,Medio.Dmin,39.89699388,999,999,1,Carbon,SIC_Centro
Ventanas_01,Medio.Dmin,42.44335633,999,999,1,Carbon,SIC_Centro
Guacolda_03,Medio.Dmin,29.05,999,999,1,Carbon,SIC_CentroNorte
Guacolda_04,Medio.Dmin,32.023,999,999,1,Carbon,SIC_CentroNorte
Guacolda_01,Medio.Dmin,32.7484,999,999,1,Carbon,SIC_CentroNorte
Guacolda_02,Medio.Dmin,32.8528,999,999,1,Carbon,SIC_CentroNorte
Guacolda_05,Medio.Dmin,40.50964896,999,999,1,Carbon,SIC_CentroNorte
Santa_Maria,Medio.Dmin,33.89169646,999,999,1,Carbon,SIC_CentroSurC
Bocamina_02,Medio.Dmin,44.81518306,999,999,1,Carbon,SIC_CentroSurC
Bocamina_01,Medio.Dmin,48.09768973,999,999,1,Carbon,SIC_CentroSurC
NTO2,Medio.Dmin,29.8567,999,999,1,Carbon,SING_Centro
NTO1,Medio.Dmin,30.15688,999,999,1,Carbon,SING_Centro
CTM2,Medio.Dmin,32.2307248,999,999,1,Carbon,SING_Centro
CTH,Medio.Dmin,32.71240159,999,999,1,Carbon,SING_Centro
CTM1,Medio.Dmin,33.1455574,999,999,1,Carbon,SING_Centro
CTA,Medio.Dmin,34.98930347,999,999,1,Carbon,SING_Centro
U15,Medio.Dmin,36.8778299,999,999,1,Carbon,SING_Centro
U14,Medio.Dmin,38.2190069,999,999,1,Carbon,SING_Centro
U13,Medio.Dmin,42.217497,999,999,1,Carbon,SING_Centro
U12,Medio.Dmin,44.032503,999,999,1,Carbon,SING_Centro
COCHRANE_1,Medio.Dmin,46.51138814,999,999,1,Carbon,SING_Centro
COCHRANE_2,Medio.Dmin,46.51138814,999,999,1,Carbon,SING_Centro
CTTAR,Medio.Dmin,33.198374,999,999,1,Carbon,SING_Norte
ANG_II,Medio.Dmin,41.04048968,999,999,1,Carbon,SING_Sur
ANG_I,Medio.Dmin,42.45048968,999,999,1,Carbon,SING_Sur
IEMejillones,Medio.Dmin,43.79474211,999,999,1,Carbon,SING_Sur
Nueva_Renca_Diesel,Medio.Dmin,120.5464769,999,999,1,Diesel,SIC_Centro
Nehuenco_02_Diesel,Medio.Dmin,121.0384651,999,999,1,Diesel,SIC_Centro
Nehuenco_01_Diesel,Medio.Dmin,121.1952869,999,999,1,Diesel,SIC_Centro
Dona_Carmen,Medio.Dmin,157.8250806,999,999,1,Diesel,SIC_Centro
Espinos_01,Medio.Dmin,175.315902,999,999,1,Diesel,SIC_Centro
Los_Vientos,Medio.Dmin,179.3565017,999,999,1,Diesel,SIC_Centro
Cardones,Medio.Dmin,174.37435,999,999,1,Diesel,SIC_CentroNorte
Teno,Medio.Dmin,180.5514389,999,999,1,Diesel,SIC_CentroSurA
Los_Pinos,Medio.Dmin,148.5568851,999,999,1,Diesel,SIC_CentroSurC
Coronel_TG_Diesel,Medio.Dmin,165.8908952,999,999,1,Diesel,SIC_CentroSurC
Santa_Lidia,Medio.Dmin,181.2146294,999,999,1,Diesel,SIC_CentroSurC
Taltal_01_Diesel,Medio.Dmin,176.8500902,999,999,1,Diesel,SIC_Norte
Taltal_02_Diesel,Medio.Dmin,176.8500902,999,999,1,Diesel,SIC_Norte
Antilhue_TG_01,Medio.Dmin,197.3656384,999,999,1,Diesel,SIC_Sur
Antilhue_TG_02,Medio.Dmin,197.3656384,999,999,1,Diesel,SIC_Sur
San_Isidro_02_GNL,Medio.Dmin,69.48129023,999,999,1,GNL,SIC_Centro
San_Isidro_GNL,Medio.Dmin,73.58766746,999,999,1,GNL,SIC_Centro
CTM3_SIC,Medio.Dmin,62.65109403,999,999,1,GNL,SIC_CentroNorte
U16_GNL,Medio.Dmin,38.91293792,999,999,1,GNL,SING_Centro
KELAR,Medio.Dmin,62.01728,999,999,1,GNL,SING_Sur
CC1_GNL,Medio.Dmin,108.6798098,999,999,1,GNL,SING_Sur
CC2_GNL,Medio.Dmin,108.6798098,999,999,1,GNL,SING_Sur
Rapel,Medio.Dmin,155,999,999,1,Embalse,SIC_Centro
Colbun,Medio.Dmin,35,999,999,1,Embalse,SIC_Centro
Machicura,Medio.Dmin,51,999,999,1,Embalse,SIC_Centro
Cipreses,Medio.Dmin,39,999,999,1,Embalse,SIC_CentroSurA
Los_Condores,Medio.Dmin,180,999,999,1,Embalse,SIC_CentroSurA
Pehuenche,Medio.Dmin,60,999,999,1,Embalse,SIC_CentroSurA
El_Toro,Medio.Dmin,150,999,999,1,Embalse,SIC_CentroSurC
Ralco,Medio.Dmin,85,999,999,1,Embalse,SIC_CentroSurC
Pangue,Medio.Dmin,36,999,999,1,Embalse,SIC_CentroSurC
Antuco,Medio.Dmin,37,999,999,1,Embalse,SIC_CentroSurC
Angostura,Medio.Dmin,38,999,999,1,Embalse,SIC_CentroSurC
Canutillar,Medio.Dmin,120,999,999,1,Embalse,SIC_Sur
Hornitos,Medio.Dmin,0,0,999,0.6,Pasada,SIC_Centro
Juncal,Medio.Dmin,0,0,999,0.6,Pasada,SIC_Centro
Blanco,Medio.Dmin,0,0,999,0.6,Pasada,SIC_Centro
Chacabuquito,Medio.Dmin,0,0,999,0.6,Pasada,SIC_Centro
Los_Quilos,Medio.Dmin,0,0,999,0.6,Pasada,SIC_Centro
Alfalfal,Medio.Dmin,0,0,999,0.6,Pasada,SIC_Centro
Florida,Medio.Dmin,0,0,999,0.6,Pasada,SIC_Centro
Maitenes,Medio.Dmin,0,0,999,0.6,Pasada,SIC_Centro
Volcan,Medio.Dmin,0,0,999,0.6,Pasada,SIC_Centro
Puntilla,Medio.Dmin,0,0,999,0.6,Pasada,SIC_Centro
Sauzal,Medio.Dmin,0,0,999,0.6,Pasada,SIC_Centro
Chacayes,Medio.Dmin,0,0,999,0.6,Pasada,SIC_Centro
Alfalfal_02,Medio.Dmin,0,0,999,0.6,Pasada,SIC_Centro
Las_Lajas,Medio.Dmin,0,0,999,0.6,Pasada,SIC_Centro
La_Higuera,Medio.Dmin,0,0,999,0.6,Pasada,SIC_CentroSurA
Confluencia,Medio.Dmin,0,0,999,0.6,Pasada,SIC_CentroSurA
San_Andres,Medio.Dmin,0,0,999,0.6,Pasada,SIC_CentroSurA
Los_Hierros,Medio.Dmin,0,0,999,0.6,Pasada,SIC_CentroSurA
El_Paso,Medio.Dmin,0,0,999,0.6,Pasada,SIC_CentroSurA
nuble,Medio.Dmin,0,0,999,0.6,Pasada,SIC_CentroSurA
Ancoa,Medio.Dmin,0,0,999,0.6,Pasada,SIC_CentroSurA
Peuchen,Medio.Dmin,0,0,999,0.6,Pasada,SIC_CentroSurC
Mampil,Medio.Dmin,0,0,999,0.6,Pasada,SIC_CentroSurC
Pullinque,Medio.Dmin,0,0,999,0.6,Pasada,SIC_Sur
Pilmaiquen,Medio.Dmin,0,0,999,0.6,Pasada,SIC_Sur
Rucatayo,Medio.Dmin,0,0,999,0.6,Pasada,SIC_Sur
Laja_I,Medio.Dmin,0,0,999,0.6,Pasada,SIC_Sur
San_Pedro,Medio.Dmin,0,0,999,0.6,Pasada,SIC_Sur
Chiburgo,Medio.Dmin,0,0,999,0.5,Serie,SIC_Centro
Isla,Medio.Dmin,0,0,999,0.6,Serie,SIC_CentroSurA
Curillinque,Medio.Dmin,0,0,999,0.6,Serie,SIC_CentroSurA
Loma_Alta,Medio.Dmin,0,0,999,1,Serie,SIC_CentroSurA
San_Ignacio,Medio.Dmin,0,0,999,1,Serie,SIC_CentroSurA
Ojos_de_Agua,Medio.Dmin,0,0,999,0.6,Serie,SIC_CentroSurA
Abanico,Medio.Dmin,0,0,999,0.3,Serie,SIC_CentroSurC
Rucue,Medio.Dmin,0,0,999,0.8,Serie,SIC_CentroSurC
Quilleco,Medio.Dmin,0,0,999,0.6,Serie,SIC_CentroSurC
Palmucho,Medio.Dmin,0,0,999,1,Serie,SIC_CentroSurC
Eolico-SIC_Centro,Medio.Dmin,0,0,999,0.5,Eolico,SIC_Centro
Eolico-SIC_CentroNorte,Medio.Dmin,0,0,999,0.5,Eolico,SIC_CentroNorte
Eolico_SIC_CentroSurC,Medio.Dmin,0,0,999,0.5,Eolico,SIC_CentroSurC
Eolico_SIC_Norte,Medio.Dmin,0,0,999,0.5,Eolico,SIC_Norte
Eolico_SIC_Sur,Medio.Dmin,0,0,999,0.5,Eolico,SIC_Sur
Eolico_SING_Centro,Medio.Dmin,0,0,999,0.5,Eolico,SING_Centro
Solar_SIC_Centro,Medio.Dmin,0,0,999,0,Solar,SIC_Centro
Solar_SIC_CentroNorte,Medio.Dmin,0,0,999,0,Solar,SIC_CentroNorte
Solar_SIC_Norte1,Medio.Dmin,0,0,999,0,Solar,SIC_Norte
Solar_SIC_Norte2,Medio.Dmin,0,0,999,0,Solar,SIC_Norte
Solar_SING_Centro1,Medio.Dmin,0,0,999,0,Solar,SING_Centro
Solar_SING_Centro2,Medio.Dmin,0,0,999,0,Solar,SING_Centro
Solar_SING_Norte,Medio.Dmin,0,0,999,0,Solar,SING_Norte
Solar_SING_Sur,Medio.Dmin,0,0,999,0,Solar,SING_Sur
Nueva_Ventanas,Medio.Dmax,37.64904188,999,999,1,Carbon,SIC_Centro
Campiche,Medio.Dmax,37.91690018,999,999,1,Carbon,SIC_Centro
Ventanas_02,Medio.Dmax,39.89699388,999,999,1,Carbon,SIC_Centro
Ventanas_01,Medio.Dmax,42.44335633,999,999,1,Carbon,SIC_Centro
Guacolda_03,Medio.Dmax,29.05,999,999,1,Carbon,SIC_CentroNorte
Guacolda_04,Medio.Dmax,32.023,999,999,1,Carbon,SIC_CentroNorte
Guacolda_01,Medio.Dmax,32.7484,999,999,1,Carbon,SIC_CentroNorte
Guacolda_02,Medio.Dmax,32.8528,999,999,1,Carbon,SIC_CentroNorte
Guacolda_05,Medio.Dmax,40.50964896,999,999,1,Carbon,SIC_CentroNorte
Santa_Maria,Medio.Dmax,33.89169646,999,999,1,Carbon,SIC_CentroSurC
Bocamina_02,Medio.Dmax,44.81518306,999,999,1,Carbon,SIC_CentroSurC
Bocamina_01,Medio.Dmax,48.09768973,999,999,1,Carbon,SIC_CentroSurC
NTO2,Medio.Dmax,29.8567,999,999,1,Carbon,SING_Centro
NTO1,Medio.Dmax,30.15688,999,999,1,Carbon,SING_Centro
CTM2,Medio.Dmax,32.2307248,999,999,1,Carbon,SING_Centro
CTH,Medio.Dmax,32.71240159,999,999,1,Carbon,SING_Centro
CTM1,Medio.Dmax,33.1455574,999,999,1,Carbon,SING_Centro
CTA,Medio.Dmax,34.98930347,999,999,1,Carbon,SING_Centro
U15,Medio.Dmax,36.8778299,999,999,1,Carbon,SING_Centro
U14,Medio.Dmax,38.2190069,999,999,1,Carbon,SING_Centro
U13,Medio.Dmax,42.217497,999,999,1,Carbon,SING_Centro
U12,Medio.Dmax,44.032503,999,999,1,Carbon,SING_Centro
COCHRANE_1,Medio.Dmax,46.51138814,999,999,1,Carbon,SING_Centro
COCHRANE_2,Medio.Dmax,46.51138814,999,999,1,Carbon,SING_Centro
CTTAR,Medio.Dmax,33.198374,999,999,1,Carbon,SING_Norte
ANG_II,Medio.Dmax,41.04048968,999,999,1,Carbon,SING_Sur
ANG_I,Medio.Dmax,42.45048968,999,999,1,Carbon,SING_Sur
IEMejillones,Medio.Dmax,43.79474211,999,999,1,Carbon,SING_Sur
Nueva_Renca_Diesel,Medio.Dmax,120.5464769,999,999,1,Diesel,SIC_Centro
Nehuenco_02_Diesel,Medio.Dmax,121.0384651,999,999,1,Diesel,SIC_Centro
Nehuenco_01_Diesel,Medio.Dmax,121.1952869,999,999,1,Diesel,SIC_Centro
Dona_Carmen,Medio.Dmax,157.8250806,999,999,1,Diesel,SIC_Centro
Espinos_01,Medio.Dmax,175.315902,999,999,1,Diesel,SIC_Centro
Los_Vientos,Medio.Dmax,179.3565017,999,999,1,Diesel,SIC_Centro
Cardones,Medio.Dmax,174.37435,999,999,1,Diesel,SIC_CentroNorte
Teno,Medio.Dmax,180.5514389,999,999,1,Diesel,SIC_CentroSurA
Los_Pinos,Medio.Dmax,148.5568851,999,999,1,Diesel,SIC_CentroSurC
Coronel_TG_Diesel,Medio.Dmax,165.8908952,999,999,1,Diesel,SIC_CentroSurC
Santa_Lidia,Medio.Dmax,181.2146294,999,999,1,Diesel,SIC_CentroSurC
Taltal_01_Diesel,Medio.Dmax,176.8500902,999,999,1,Diesel,SIC_Norte
Taltal_02_Diesel,Medio.Dmax,176.8500902,999,999,1,Diesel,SIC_Norte
Antilhue_TG_01,Medio.Dmax,197.3656384,999,999,1,Diesel,SIC_Sur
Antilhue_TG_02,Medio.Dmax,197.3656384,999,999,1,Diesel,SIC_Sur
San_Isidro_02_GNL,Medio.Dmax,69.48129023,999,999,1,GNL,SIC_Centro
San_Isidro_GNL,Medio.Dmax,73.58766746,999,999,1,GNL,SIC_Centro
CTM3_SIC,Medio.Dmax,62.65109403,999,999,1,GNL,SIC_CentroNorte
U16_GNL,Medio.Dmax,38.91293792,999,999,1,GNL,SING_Centro
KELAR,Medio.Dmax,62.01728,999,999,1,GNL,SING_Sur
CC1_GNL,Medio.Dmax,108.6798098,999,999,1,GNL,SING_Sur
CC2_GNL,Medio.Dmax,108.6798098,999,999,1,GNL,SING_Sur
Rapel,Medio.Dmax,155,999,999,1,Embalse,SIC_Centro
Colbun,Medio.Dmax,35,999,999,1,Embalse,SIC_Centro
Machicura,Medio.Dmax,51,999,999,1,Embalse,SIC_Centro
Cipreses,Medio.Dmax,39,999,999,1,Embalse,SIC_CentroSurA
Los_Condores,Medio.Dmax,180,999,999,1,Embalse,SIC_CentroSurA
Pehuenche,Medio.Dmax,60,999,999,1,Embalse,SIC_CentroSurA
El_Toro,Medio.Dmax,150,999,999,1,Embalse,SIC_CentroSurC
Ralco,Medio.Dmax,85,999,999,1,Embalse,SIC_CentroSurC
Pangue,Medio.Dmax,36,999,999,1,Embalse,SIC_CentroSurC
Antuco,Medio.Dmax,37,999,999,1,Embalse,SIC_CentroSurC
Angostura,Medio.Dmax,38,999,999,1,Embalse,SIC_CentroSurC
Canutillar,Medio.Dmax,120,999,999,1,Embalse,SIC_Sur
Hornitos,Medio.Dmax,0,0,999,0.6,Pasada,SIC_Centro
Juncal,Medio.Dmax,0,0,999,0.6,Pasada,SIC_Centro
Blanco,Medio.Dmax,0,0,999,0.6,Pasada,SIC_Centro
Chacabuquito,Medio.Dmax,0,0,999,0.6,Pasada,SIC_Centro
Los_Quilos,Medio.Dmax,0,0,999,0.6,Pasada,SIC_Centro
Alfalfal,Medio.Dmax,0,0,999,0.6,Pasada,SIC_Centro
Florida,Medio.Dmax,0,0,999,0.6,Pasada,SIC_Centro
Maitenes,Medio.Dmax,0,0,999,0.6,Pasada,SIC_Centro
Volcan,Medio.Dmax,0,0,999,0.6,Pasada,SIC_Centro
Puntilla,Medio.Dmax,0,0,999,0.6,Pasada,SIC_Centro
Sauzal,Medio.Dmax,0,0,999,0.6,Pasada,SIC_Centro
Chacayes,Medio.Dmax,0,0,999,0.6,Pasada,SIC_Centro
Alfalfal_02,Medio.Dmax,0,0,999,0.6,Pasada,SIC_Centro
Las_Lajas,Medio.Dmax,0,0,999,0.6,Pasada,SIC_Centro
La_Higuera,Medio.Dmax,0,0,999,0.6,Pasada,SIC_CentroSurA
Confluencia,Medio.Dmax,0,0,999,0.6,Pasada,SIC_CentroSurA
San_Andres,Medio.Dmax,0,0,999,0.6,Pasada,SIC_CentroSurA
Los_Hierros,Medio.Dmax,0,0,999,0.6,Pasada,SIC_CentroSurA
El_Paso,Medio.Dmax,0,0,999,0.6,Pasada,SIC_CentroSurA
nuble,Medio.Dmax,0,0,999,0.6,Pasada,SIC_CentroSurA
Ancoa,Medio.Dmax,0,0,999,0.6,Pasada,SIC_CentroSurA
Peuchen,Medio.Dmax,0,0,999,0.6,Pasada,SIC_CentroSurC
Mampil,Medio.Dmax,0,0,999,0.6,Pasada,SIC_CentroSurC
Pullinque,Medio.Dmax,0,0,999,0.6,Pasada,SIC_Sur
Pilmaiquen,Medio.Dmax,0,0,999,0.6,Pasada,SIC_Sur
Rucatayo,Medio.Dmax,0,0,999,0.6,Pasada,SIC_Sur
Laja_I,Medio.Dmax,0,0,999,0.6,Pasada,SIC_Sur
San_Pedro,Medio.Dmax,0,0,999,0.6,Pasada,SIC_Sur
Chiburgo,Medio.Dmax,0,0,999,0.5,Serie,SIC_Centro
Isla,Medio.Dmax,0,0,999,0.6,Serie,SIC_CentroSurA
Curillinque,Medio.Dmax,0,0,999,0.6,Serie,SIC_CentroSurA
Loma_Alta,Medio.Dmax,0,0,999,1,Serie,SIC_CentroSurA
San_Ignacio,Medio.Dmax,0,0,999,1,Serie,SIC_CentroSurA
Ojos_de_Agua,Medio.Dmax,0,0,999,0.6,Serie,SIC_CentroSurA
Abanico,Medio.Dmax,0,0,999,0.3,Serie,SIC_CentroSurC
Rucue,Medio.Dmax,0,0,999,0.8,Serie,SIC_CentroSurC
Quilleco,Medio.Dmax,0,0,999,0.6,Serie,SIC_CentroSurC
Palmucho,Medio.Dmax,0,0,999,1,Serie,SIC_CentroSurC
Eolico-SIC_Centro,Medio.Dmax,0,0,999,0.5,Eolico,SIC_Centro
Eolico-SIC_CentroNorte,Medio.Dmax,0,0,999,0.5,Eolico,SIC_CentroNorte
Eolico_SIC_CentroSurC,Medio.Dmax,0,0,999,0.5,Eolico,SIC_CentroSurC
Eolico_SIC_Norte,Medio.Dmax,0,0,999,0.5,Eolico,SIC_Norte
Eolico_SIC_Sur,Medio.Dmax,0,0,999,0.5,Eolico,SIC_Sur
Eolico_SING_Centro,Medio.Dmax,0,0,999,0.5,Eolico,SING_Centro
Solar_SIC_Centro,Medio.Dmax,0,0,999,1,Solar,SIC_Centro
Solar_SIC_CentroNorte,Medio.Dmax,0,0,999,1,Solar,SIC_CentroNorte
Solar_SIC_Norte1,Medio.Dmax,0,0,999,1,Solar,SIC_Norte
Solar_SIC_Norte2,Medio.Dmax,0,0,999,1,Solar,SIC_Norte
Solar_SING_Centro1,Medio.Dmax,0,0,999,1,Solar,SING_Centro
Solar_SING_Centro2,Medio.Dmax,0,0,999,1,Solar,SING_Centro
Solar_SING_Norte,Medio.Dmax,0,0,999,1,Solar,SING_Norte
Solar_SING_Sur,Medio.Dmax,0,0,999,1,Solar,SING_Sur
Nueva_Ventanas,Medio.Dmedia,37.64904188,999,999,1,Carbon,SIC_Centro
Campiche,Medio.Dmedia,37.91690018,999,999,1,Carbon,SIC_Centro
Ventanas_02,Medio.Dmedia,39.89699388,999,999,1,Carbon,SIC_Centro
Ventanas_01,Medio.Dmedia,42.44335633,999,999,1,Carbon,SIC_Centro
Guacolda_03,Medio.Dmedia,29.05,999,999,1,Carbon,SIC_CentroNorte
Guacolda_04,Medio.Dmedia,32.023,999,999,1,Carbon,SIC_CentroNorte
Guacolda_01,Medio.Dmedia,32.7484,999,999,1,Carbon,SIC_CentroNorte
Guacolda_02,Medio.Dmedia,32.8528,999,999,1,Carbon,SIC_CentroNorte
Guacolda_05,Medio.Dmedia,40.50964896,999,999,1,Carbon,SIC_CentroNorte
Santa_Maria,Medio.Dmedia,33.89169646,999,999,1,Carbon,SIC_CentroSurC
Bocamina_02,Medio.Dmedia,44.81518306,999,999,1,Carbon,SIC_CentroSurC
Bocamina_01,Medio.Dmedia,48.09768973,999,999,1,Carbon,SIC_CentroSurC
NTO2,Medio.Dmedia,29.8567,999,999,1,Carbon,SING_Centro
NTO1,Medio.Dmedia,30.15688,999,999,1,Carbon,SING_Centro
CTM2,Medio.Dmedia,32.2307248,999,999,1,Carbon,SING_Centro
CTH,Medio.Dmedia,32.71240159,999,999,1,Carbon,SING_Centro
CTM1,Medio.Dmedia,33.1455574,999,999,1,Carbon,SING_Centro
CTA,Medio.Dmedia,34.98930347,999,999,1,Carbon,SING_Centro
U15,Medio.Dmedia,36.8778299,999,999,1,Carbon,SING_Centro
U14,Medio.Dmedia,38.2190069,999,999,1,Carbon,SING_Centro
U13,Medio.Dmedia,42.217497,999,999,1,Carbon,SING_Centro
U12,Medio.Dmedia,44.032503,999,999,1,Carbon,SING_Centro
COCHRANE_1,Medio.Dmedia,46.51138814,999,999,1,Carbon,SING_Centro
COCHRANE_2,Medio.Dmedia,46.51138814,999,999,1,Carbon,SING_Centro
CTTAR,Medio.Dmedia,33.198374,999,999,1,Carbon,SING_Norte
ANG_II,Medio.Dmedia,41.04048968,999,999,1,Carbon,SING_Sur
ANG_I,Medio.Dmedia,42.45048968,999,999,1,Carbon,SING_Sur
IEMejillones,Medio.Dmedia,43.79474211,999,999,1,Carbon,SING_Sur
Nueva_Renca_Diesel,Medio.Dmedia,120.5464769,999,999,1,Diesel,SIC_Centro
Nehuenco_02_Diesel,Medio.Dmedia,121.0384651,999,999,1,Diesel,SIC_Centro
Nehuenco_01_Diesel,Medio.Dmedia,121.1952869,999,999,1,Diesel,SIC_Centro
Dona_Carmen,Medio.Dmedia,157.8250806,999,999,1,Diesel,SIC_Centro
Espinos_01,Medio.Dmedia,175.315902,999,999,1,Diesel,SIC_Centro
Los_Vientos,Medio.Dmedia,179.3565017,999,999,1,Diesel,SIC_Centro
Cardones,Medio.Dmedia,174.37435,999,999,1,Diesel,SIC_CentroNorte
Teno,Medio.Dmedia,180.5514389,999,999,1,Diesel,SIC_CentroSurA
Los_Pinos,Medio.Dmedia,148.5568851,999,999,1,Diesel,SIC_CentroSurC
Coronel_TG_Diesel,Medio.Dmedia,165.8908952,999,999,1,Diesel,SIC_CentroSurC
Santa_Lidia,Medio.Dmedia,181.2146294,999,999,1,Diesel,SIC_CentroSurC
Taltal_01_Diesel,Medio.Dmedia,176.8500902,999,999,1,Diesel,SIC_Norte
Taltal_02_Diesel,Medio.Dmedia,176.8500902,999,999,1,Diesel,SIC_Norte
Antilhue_TG_01,Medio.Dmedia,197.3656384,999,999,1,Diesel,SIC_Sur
Antilhue_TG_02,Medio.Dmedia,197.3656384,999,999,1,Diesel,SIC_Sur
San_Isidro_02_GNL,Medio.Dmedia,69.48129023,999,999,1,GNL,SIC_Centro
San_Isidro_GNL,Medio.Dmedia,73.58766746,999,999,1,GNL,SIC_Centro
CTM3_SIC,Medio.Dmedia,62.65109403,999,999,1,GNL,SIC_CentroNorte
U16_GNL,Medio.Dmedia,38.91293792,999,999,1,GNL,SING_Centro
KELAR,Medio.Dmedia,62.01728,999,999,1,GNL,SING_Sur
CC1_GNL,Medio.Dmedia,108.6798098,999,999,1,GNL,SING_Sur
CC2_GNL,Medio.Dmedia,108.6798098,999,999,1,GNL,SING_Sur
Rapel,Medio.Dmedia,155,999,999,1,Embalse,SIC_Centro
Colbun,Medio.Dmedia,35,999,999,1,Embalse,SIC_Centro
Machicura,Medio.Dmedia,51,999,999,1,Embalse,SIC_Centro
Cipreses,Medio.Dmedia,39,999,999,1,Embalse,SIC_CentroSurA
Los_Condores,Medio.Dmedia,180,999,999,1,Embalse,SIC_CentroSurA
Pehuenche,Medio.Dmedia,60,999,999,1,Embalse,SIC_CentroSurA
El_Toro,Medio.Dmedia,150,999,999,1,Embalse,SIC_CentroSurC
Ralco,Medio.Dmedia,85,999,999,1,Embalse,SIC_CentroSurC
Pangue,Medio.Dmedia,36,999,999,1,Embalse,SIC_CentroSurC
Antuco,Medio.Dmedia,37,999,999,1,Embalse,SIC_CentroSurC
Angostura,Medio.Dmedia,38,999,999,1,Embalse,SIC_CentroSurC
Canutillar,Medio.Dmedia,120,999,999,1,Embalse,SIC_Sur
Hornitos,Medio.Dmedia,0,0,999,0.6,Pasada,SIC_Centro
Juncal,Medio.Dmedia,0,0,999,0.6,Pasada,SIC_Centro
Blanco,Medio.Dmedia,0,0,999,0.6,Pasada,SIC_Centro
Chacabuquito,Medio.Dmedia,0,0,999,0.6,Pasada,SIC_Centro
Los_Quilos,Medio.Dmedia,0,0,999,0.6,Pasada,SIC_Centro
Alfalfal,Medio.Dmedia,0,0,999,0.6,Pasada,SIC_Centro
Florida,Medio.Dmedia,0,0,999,0.6,Pasada,SIC_Centro
Maitenes,Medio.Dmedia,0,0,999,0.6,Pasada,SIC_Centro
Volcan,Medio.Dmedia,0,0,999,0.6,Pasada,SIC_Centro
Puntilla,Medio.Dmedia,0,0,999,0.6,Pasada,SIC_Centro
Sauzal,Medio.Dmedia,0,0,999,0.6,Pasada,SIC_Centro
Chacayes,Medio.Dmedia,0,0,999,0.6,Pasada,SIC_Centro
Alfalfal_02,Medio.Dmedia,0,0,999,0.6,Pasada,SIC_Centro
Las_Lajas,Medio.Dmedia,0,0,999,0.6,Pasada,SIC_Centro
La_Higuera,Medio.Dmedia,0,0,999,0.6,Pasada,SIC_CentroSurA
Confluencia,Medio.Dmedia,0,0,999,0.6,Pasada,SIC_CentroSurA
San_Andres,Medio.Dmedia,0,0,999,0.6,Pasada,SIC_CentroSurA
Los_Hierros,Medio.Dmedia,0,0,999,0.6,Pasada,SIC_CentroSurA
El_Paso,Medio.Dmedia,0,0,999,0.6,Pasada,SIC_CentroSurA
nuble,Medio.Dmedia,0,0,999,0.6,Pasada,SIC_CentroSurA
Ancoa,Medio.Dmedia,0,0,999,0.6,Pasada,SIC_CentroSurA
Peuchen,Medio.Dmedia,0,0,999,0.6,Pasada,SIC_CentroSurC
Mampil,Medio.Dmedia,0,0,999,0.6,Pasada,SIC_CentroSurC
Pullinque,Medio.Dmedia,0,0,999,0.6,Pasada,SIC_Sur
Pilmaiquen,Medio.Dmedia,0,0,999,0.6,Pasada,SIC_Sur
Rucatayo,Medio.Dmedia,0,0,999,0.6,Pasada,SIC_Sur
Laja_I,Medio.Dmedia,0,0,999,0.6,Pasada,SIC_Sur
San_Pedro,Medio.Dmedia,0,0,999,0.6,Pasada,SIC_Sur
Chiburgo,Medio.Dmedia,0,0,999,0.5,Serie,SIC_Centro
Isla,Medio.Dmedia,0,0,999,0.6,Serie,SIC_CentroSurA
Curillinque,Medio.Dmedia,0,0,999,0.6,Serie,SIC_CentroSurA
Loma_Alta,Medio.Dmedia,0,0,999,1,Serie,SIC_CentroSurA
San_Ignacio,Medio.Dmedia,0,0,999,1,Serie,SIC_CentroSurA
Ojos_de_Agua,Medio.Dmedia,0,0,999,0.6,Serie,SIC_CentroSurA
Abanico,Medio.Dmedia,0,0,999,0.3,Serie,SIC_CentroSurC
Rucue,Medio.Dmedia,0,0,999,0.8,Serie,SIC_CentroSurC
Quilleco,Medio.Dmedia,0,0,999,0.6,Serie,SIC_CentroSurC
Palmucho,Medio.Dmedia,0,0,999,1,Serie,SIC_CentroSurC
Eolico-SIC_Centro,Medio.Dmedia,0,0,999,0.5,Eolico,SIC_Centro
Eolico-SIC_CentroNorte,Medio.Dmedia,0,0,999,0.5,Eolico,SIC_CentroNorte
Eolico_SIC_CentroSurC,Medio.Dmedia,0,0,999,0.5,Eolico,SIC_CentroSurC
Eolico_SIC_Norte,Medio.Dmedia,0,0,999,0.5,Eolico,SIC_Norte
Eolico_SIC_Sur,Medio.Dmedia,0,0,999,0.5,Eolico,SIC_Sur
Eolico_SING_Centro,Medio.Dmedia,0,0,999,0.5,Eolico,SING_Centro
Solar_SIC_Centro,Medio.Dmedia,0,0,999,0.5,Solar,SIC_Centro
Solar_SIC_CentroNorte,Medio.Dmedia,0,0,999,0.5,Solar,SIC_CentroNorte
Solar_SIC_Norte1,Medio.Dmedia,0,0,999,0.5,Solar,SIC_Norte
Solar_SIC_Norte2,Medio.Dmedia,0,0,999,0.5,Solar,SIC_Norte
Solar_SING_Centro1,Medio.Dmedia,0,0,999,0.5,Solar,SING_Centro
Solar_SING_Centro2,Medio.Dmedia,0,0,999,0.5,Solar,SING_Centro
Solar_SING_Norte,Medio.Dmedia,0,0,999,0.5,Solar,SING_Norte
Solar_SING_Sur,Medio.Dmedia,0,0,999,0.5,Solar,SING_Sur
Nueva_Ventanas,Humedo.Dmin,37.64904188,999,999,1,Carbon,SIC_Centro
Campiche,Humedo.Dmin,37.91690018,999,999,1,Carbon,SIC_Centro
Ventanas_02,Humedo.Dmin,39.89699388,999,999,1,Carbon,SIC_Centro
Ventanas_01,Humedo.Dmin,42.44335633,999,999,1,Carbon,SIC_Centro
Guacolda_03,Humedo.Dmin,29.05,999,999,1,Carbon,SIC_CentroNorte
Guacolda_04,Humedo.Dmin,32.023,999,999,1,Carbon,SIC_CentroNorte
Guacolda_01,Humedo.Dmin,32.7484,999,999,1,Carbon,SIC_CentroNorte
Guacolda_02,Humedo.Dmin,32.8528,999,999,1,Carbon,SIC_CentroNorte
Guacolda_05,Humedo.Dmin,40.50964896,999,999,1,Carbon,SIC_CentroNorte
Santa_Maria,Humedo.Dmin,33.89169646,999,999,1,Carbon,SIC_CentroSurC
Bocamina_02,Humedo.Dmin,44.81518306,999,999,1,Carbon,SIC_CentroSurC
Bocamina_01,Humedo.Dmin,48.09768973,999,999,1,Carbon,SIC_CentroSurC
NTO2,Humedo.Dmin,29.8567,999,999,1,Carbon,SING_Centro
NTO1,Humedo.Dmin,30.15688,999,999,1,Carbon,SING_Centro
CTM2,Humedo.Dmin,32.2307248,999,999,1,Carbon,SING_Centro
CTH,Humedo.Dmin,32.71240159,999,999,1,Carbon,SING_Centro
CTM1,Humedo.Dmin,33.1455574,999,999,1,Carbon,SING_Centro
CTA,Humedo.Dmin,34.98930347,999,999,1,Carbon,SING_Centro
U15,Humedo.Dmin,36.8778299,999,999,1,Carbon,SING_Centro
U14,Humedo.Dmin,38.2190069,999,999,1,Carbon,SING_Centro
U13,Humedo.Dmin,42.217497,999,999,1,Carbon,SING_Centro
U12,Humedo.Dmin,44.032503,999,999,1,Carbon,SING_Centro
COCHRANE_1,Humedo.Dmin,46.51138814,999,999,1,Carbon,SING_Centro
COCHRANE_2,Humedo.Dmin,46.51138814,999,999,1,Carbon,SING_Centro
CTTAR,Humedo.Dmin,33.198374,999,999,1,Carbon,SING_Norte
ANG_II,Humedo.Dmin,41.04048968,999,999,1,Carbon,SING_Sur
ANG_I,Humedo.Dmin,42.45048968,999,999,1,Carbon,SING_Sur
IEMejillones,Humedo.Dmin,43.79474211,999,999,1,Carbon,SING_Sur
Nueva_Renca_Diesel,Humedo.Dmin,120.5464769,999,999,1,Diesel,SIC_Centro
Nehuenco_02_Diesel,Humedo.Dmin,121.0384651,999,999,1,Diesel,SIC_Centro
Nehuenco_01_Diesel,Humedo.Dmin,121.1952869,999,999,1,Diesel,SIC_Centro
Dona_Carmen,Humedo.Dmin,157.8250806,999,999,1,Diesel,SIC_Centro
Espinos_01,Humedo.Dmin,175.315902,999,999,1,Diesel,SIC_Centro
Los_Vientos,Humedo.Dmin,179.3565017,999,999,1,Diesel,SIC_Centro
Cardones,Humedo.Dmin,174.37435,999,999,1,Diesel,SIC_CentroNorte
Teno,Humedo.Dmin,180.5514389,999,999,1,Diesel,SIC_CentroSurA
Los_Pinos,Humedo.Dmin,148.5568851,999,999,1,Diesel,SIC_CentroSurC
Coronel_TG_Diesel,Humedo.Dmin,165.8908952,999,999,1,Diesel,SIC_CentroSurC
Santa_Lidia,Humedo.Dmin,181.2146294,999,999,1,Diesel,SIC_CentroSurC
Taltal_01_Diesel,Humedo.Dmin,176.8500902,999,999,1,Diesel,SIC_Norte
Taltal_02_Diesel,Humedo.Dmin,176.8500902,999,999,1,Diesel,SIC_Norte
Antilhue_TG_01,Humedo.Dmin,197.3656384,999,999,1,Diesel,SIC_Sur
Antilhue_TG_02,Humedo.Dmin,197.3656384,999,999,1,Diesel,SIC_Sur
San_Isidro_02_GNL,Humedo.Dmin,69.48129023,999,999,1,GNL,SIC_Centro
San_Isidro_GNL,Humedo.Dmin,73.58766746,999,999,1,GNL,SIC_Centro
CTM3_SIC,Humedo.Dmin,62.65109403,999,999,1,GNL,SIC_CentroNorte
U16_GNL,Humedo.Dmin,38.91293792,999,999,1,GNL,SING_Centro
KELAR,Humedo.Dmin,62.01728,999,999,1,GNL,SING_Sur
CC1_GNL,Humedo.Dmin,108.6798098,999,999,1,GNL,SING_Sur
CC2_GNL,Humedo.Dmin,108.6798098,999,999,1,GNL,SING_Sur
Rapel,Humedo.Dmin,0,999,999,1,Embalse,SIC_Centro
Colbun,Humedo.Dmin,0,999,999,1,Embalse,SIC_Centro
Machicura,Humedo.Dmin,0,999,999,1,Embalse,SIC_Centro
Cipreses,Humedo.Dmin,0,999,999,1,Embalse,SIC_CentroSurA
Los_Condores,Humedo.Dmin,0,999,999,1,Embalse,SIC_CentroSurA
Pehuenche,Humedo.Dmin,0,999,999,1,Embalse,SIC_CentroSurA
El_Toro,Humedo.Dmin,0,999,999,1,Embalse,SIC_CentroSurC
Ralco,Humedo.Dmin,0,999,999,1,Embalse,SIC_CentroSurC
Pangue,Humedo.Dmin,0,999,999,1,Embalse,SIC_CentroSurC
Antuco,Humedo.Dmin,0,999,999,1,Embalse,SIC_CentroSurC
Angostura,Humedo.Dmin,0,999,999,1,Embalse,SIC_CentroSurC
Canutillar,Humedo.Dmin,0,999,999,1,Embalse,SIC_Sur
Hornitos,Humedo.Dmin,0,0,999,1,Pasada,SIC_Centro
Juncal,Humedo.Dmin,0,0,999,1,Pasada,SIC_Centro
Blanco,Humedo.Dmin,0,0,999,1,Pasada,SIC_Centro
Chacabuquito,Humedo.Dmin,0,0,999,1,Pasada,SIC_Centro
Los_Quilos,Humedo.Dmin,0,0,999,1,Pasada,SIC_Centro
Alfalfal,Humedo.Dmin,0,0,999,1,Pasada,SIC_Centro
Florida,Humedo.Dmin,0,0,999,1,Pasada,SIC_Centro
Maitenes,Humedo.Dmin,0,0,999,1,Pasada,SIC_Centro
Volcan,Humedo.Dmin,0,0,999,1,Pasada,SIC_Centro
Puntilla,Humedo.Dmin,0,0,999,1,Pasada,SIC_Centro
Sauzal,Humedo.Dmin,0,0,999,1,Pasada,SIC_Centro
Chacayes,Humedo.Dmin,0,0,999,1,Pasada,SIC_Centro
Alfalfal_02,Humedo.Dmin,0,0,999,1,Pasada,SIC_Centro
Las_Lajas,Humedo.Dmin,0,0,999,1,Pasada,SIC_Centro
La_Higuera,Humedo.Dmin,0,0,999,1,Pasada,SIC_CentroSurA
Confluencia,Humedo.Dmin,0,0,999,1,Pasada,SIC_CentroSurA
San_Andres,Humedo.Dmin,0,0,999,1,Pasada,SIC_CentroSurA
Los_Hierros,Humedo.Dmin,0,0,999,1,Pasada,SIC_CentroSurA
El_Paso,Humedo.Dmin,0,0,999,1,Pasada,SIC_CentroSurA
nuble,Humedo.Dmin,0,0,999,1,Pasada,SIC_CentroSurA
Ancoa,Humedo.Dmin,0,0,999,1,Pasada,SIC_CentroSurA
Peuchen,Humedo.Dmin,0,0,999,1,Pasada,SIC_CentroSurC
Mampil,Humedo.Dmin,0,0,999,1,Pasada,SIC_CentroSurC
Pullinque,Humedo.Dmin,0,0,999,1,Pasada,SIC_Sur
Pilmaiquen,Humedo.Dmin,0,0,999,1,Pasada,SIC_Sur
Rucatayo,Humedo.Dmin,0,0,999,1,Pasada,SIC_Sur
Laja_I,Humedo.Dmin,0,0,999,1,Pasada,SIC_Sur
San_Pedro,Humedo.Dmin,0,0,999,1,Pasada,SIC_Sur
Chiburgo,Humedo.Dmin,0,0,999,1,Serie,SIC_Centro
Isla,Humedo.Dmin,0,0,999,1,Serie,SIC_CentroSurA
Curillinque,Humedo.Dmin,0,0,999,1,Serie,SIC_CentroSurA
Loma_Alta,Humedo.Dmin,0,0,999,1,Serie,SIC_CentroSurA
San_Ignacio,Humedo.Dmin,0,0,999,1,Serie,SIC_CentroSurA
Ojos_de_Agua,Humedo.Dmin,0,0,999,1,Serie,SIC_CentroSurA
Abanico,Humedo.Dmin,0,0,999,1,Serie,SIC_CentroSurC
Rucue,Humedo.Dmin,0,0,999,1,Serie,SIC_CentroSurC
Quilleco,Humedo.Dmin,0,0,999,1,Serie,SIC_CentroSurC
Palmucho,Humedo.Dmin,0,0,999,1,Serie,SIC_CentroSurC
Eolico-SIC_Centro,Humedo.Dmin,0,0,999,0.5,Eolico,SIC_Centro
Eolico-SIC_CentroNorte,Humedo.Dmin,0,0,999,0.5,Eolico,SIC_CentroNorte
Eolico_SIC_CentroSurC,Humedo.Dmin,0,0,999,0.5,Eolico,SIC_CentroSurC
Eolico_SIC_Norte,Humedo.Dmin,0,0,999,0.5,Eolico,SIC_Norte
Eolico_SIC_Sur,Humedo.Dmin,0,0,999,0.5,Eolico,SIC_Sur
Eolico_SING_Centro,Humedo.Dmin,0,0,999,0.5,Eolico,SING_Centro
Solar_SIC_Centro,Humedo.Dmin,0,0,999,0,Solar,SIC_Centro
Solar_SIC_CentroNorte,Humedo.Dmin,0,0,999,0,Solar,SIC_CentroNorte
Solar_SIC_Norte1,Humedo.Dmin,0,0,999,0,Solar,SIC_Norte
Solar_SIC_Norte2,Humedo.Dmin,0,0,999,0,Solar,SIC_Norte
Solar_SING_Centro1,Humedo.Dmin,0,0,999,0,Solar,SING_Centro
Solar_SING_Centro2,Humedo.Dmin,0,0,999,0,Solar,SING_Centro
Solar_SING_Norte,Humedo.Dmin,0,0,999,0,Solar,SING_Norte
Solar_SING_Sur,Humedo.Dmin,0,0,999,0,Solar,SING_Sur
Nueva_Ventanas,Humedo.Dmax,37.64904188,999,999,1,Carbon,SIC_Centro
Campiche,Humedo.Dmax,37.91690018,999,999,1,Carbon,SIC_Centro
Ventanas_02,Humedo.Dmax,39.89699388,999,999,1,Carbon,SIC_Centro
Ventanas_01,Humedo.Dmax,42.44335633,999,999,1,Carbon,SIC_Centro
Guacolda_03,Humedo.Dmax,29.05,999,999,1,Carbon,SIC_CentroNorte
Guacolda_04,Humedo.Dmax,32.023,999,999,1,Carbon,SIC_CentroNorte
Guacolda_01,Humedo.Dmax,32.7484,999,999,1,Carbon,SIC_CentroNorte
Guacolda_02,Humedo.Dmax,32.8528,999,999,1,Carbon,SIC_CentroNorte
Guacolda_05,Humedo.Dmax,40.50964896,999,999,1,Carbon,SIC_CentroNorte
Santa_Maria,Humedo.Dmax,33.89169646,999,999,1,Carbon,SIC_CentroSurC
Bocamina_02,Humedo.Dmax,44.81518306,999,999,1,Carbon,SIC_CentroSurC
Bocamina_01,Humedo.Dmax,48.09768973,999,999,1,Carbon,SIC_CentroSurC
NTO2,Humedo.Dmax,29.8567,999,999,1,Carbon,SING_Centro
NTO1,Humedo.Dmax,30.15688,999,999,1,Carbon,SING_Centro
CTM2,Humedo.Dmax,32.2307248,999,999,1,Carbon,SING_Centro
CTH,Humedo.Dmax,32.71240159,999,999,1,Carbon,SING_Centro
CTM1,Humedo.Dmax,33.1455574,999,999,1,Carbon,SING_Centro
CTA,Humedo.Dmax,34.98930347,999,999,1,Carbon,SING_Centro
U15,Humedo.Dmax,36.8778299,999,999,1,Carbon,SING_Centro
U14,Humedo.Dmax,38.2190069,999,999,1,Carbon,SING_Centro
U13,Humedo.Dmax,42.217497,999,999,1,Carbon,SING_Centro
U12,Humedo.Dmax,44.032503,999,999,1,Carbon,SING_Centro
COCHRANE_1,Humedo.Dmax,46.51138814,999,999,1,Carbon,SING_Centro
COCHRANE_2,Humedo.Dmax,46.51138814,999,999,1,Carbon,SING_Centro
CTTAR,Humedo.Dmax,33.198374,999,999,1,Carbon,SING_Norte
ANG_II,Humedo.Dmax,41.04048968,999,999,1,Carbon,SING_Sur
ANG_I,Humedo.Dmax,42.45048968,999,999,1,Carbon,SING_Sur
IEMejillones,Humedo.Dmax,43.79474211,999,999,1,Carbon,SING_Sur
Nueva_Renca_Diesel,Humedo.Dmax,120.5464769,999,999,1,Diesel,SIC_Centro
Nehuenco_02_Diesel,Humedo.Dmax,121.0384651,999,999,1,Diesel,SIC_Centro
Nehuenco_01_Diesel,Humedo.Dmax,121.1952869,999,999,1,Diesel,SIC_Centro
Dona_Carmen,Humedo.Dmax,157.8250806,999,999,1,Diesel,SIC_Centro
Espinos_01,Humedo.Dmax,175.315902,999,999,1,Diesel,SIC_Centro
Los_Vientos,Humedo.Dmax,179.3565017,999,999,1,Diesel,SIC_Centro
Cardones,Humedo.Dmax,174.37435,999,999,1,Diesel,SIC_CentroNorte
Teno,Humedo.Dmax,180.5514389,999,999,1,Diesel,SIC_CentroSurA
Los_Pinos,Humedo.Dmax,148.5568851,999,999,1,Diesel,SIC_CentroSurC
Coronel_TG_Diesel,Humedo.Dmax,165.8908952,999,999,1,Diesel,SIC_CentroSurC
Santa_Lidia,Humedo.Dmax,181.2146294,999,999,1,Diesel,SIC_CentroSurC
Taltal_01_Diesel,Humedo.Dmax,176.8500902,999,999,1,Diesel,SIC_Norte
Taltal_02_Diesel,Humedo.Dmax,176.8500902,999,999,1,Diesel,SIC_Norte
Antilhue_TG_01,Humedo.Dmax,197.3656384,999,999,1,Diesel,SIC_Sur
Antilhue_TG_02,Humedo.Dmax,197.3656384,999,999,1,Diesel,SIC_Sur
San_Isidro_02_GNL,Humedo.Dmax,69.48129023,999,999,1,GNL,SIC_Centro
San_Isidro_GNL,Humedo.Dmax,73.58766746,999,999,1,GNL,SIC_Centro
CTM3_SIC,Humedo.Dmax,62.65109403,999,999,1,GNL,SIC_CentroNorte
U16_GNL,Humedo.Dmax,38.91293792,999,999,1,GNL,SING_Centro
KELAR,Humedo.Dmax,62.01728,999,999,1,GNL,SING_Sur
CC1_GNL,Humedo.Dmax,108.6798098,999,999,1,GNL,SING_Sur
CC2_GNL,Humedo.Dmax,108.6798098,999,999,1,GNL,SING_Sur
Rapel,Humedo.Dmax,0,999,999,1,Embalse,SIC_Centro
Colbun,Humedo.Dmax,0,999,999,1,Embalse,SIC_Centro
Machicura,Humedo.Dmax,0,999,999,1,Embalse,SIC_Centro
Cipreses,Humedo.Dmax,0,999,999,1,Embalse,SIC_CentroSurA
Los_Condores,Humedo.Dmax,0,999,999,1,Embalse,SIC_CentroSurA
Pehuenche,Humedo.Dmax,0,999,999,1,Embalse,SIC_CentroSurA
El_Toro,Humedo.Dmax,0,999,999,1,Embalse,SIC_CentroSurC
Ralco,Humedo.Dmax,0,999,999,1,Embalse,SIC_CentroSurC
Pangue,Humedo.Dmax,0,999,999,1,Embalse,SIC_CentroSurC
Antuco,Humedo.Dmax,0,999,999,1,Embalse,SIC_CentroSurC
Angostura,Humedo.Dmax,0,999,999,1,Embalse,SIC_CentroSurC
Canutillar,Humedo.Dmax,0,999,999,1,Embalse,SIC_Sur
Hornitos,Humedo.Dmax,0,0,999,1,Pasada,SIC_Centro
Juncal,Humedo.Dmax,0,0,999,1,Pasada,SIC_Centro
Blanco,Humedo.Dmax,0,0,999,1,Pasada,SIC_Centro
Chacabuquito,Humedo.Dmax,0,0,999,1,Pasada,SIC_Centro
Los_Quilos,Humedo.Dmax,0,0,999,1,Pasada,SIC_Centro
Alfalfal,Humedo.Dmax,0,0,999,1,Pasada,SIC_Centro
Florida,Humedo.Dmax,0,0,999,1,Pasada,SIC_Centro
Maitenes,Humedo.Dmax,0,0,999,1,Pasada,SIC_Centro
Volcan,Humedo.Dmax,0,0,999,1,Pasada,SIC_Centro
Puntilla,Humedo.Dmax,0,0,999,1,Pasada,SIC_Centro
Sauzal,Humedo.Dmax,0,0,999,1,Pasada,SIC_Centro
Chacayes,Humedo.Dmax,0,0,999,1,Pasada,SIC_Centro
Alfalfal_02,Humedo.Dmax,0,0,999,1,Pasada,SIC_Centro
Las_Lajas,Humedo.Dmax,0,0,999,1,Pasada,SIC_Centro
La_Higuera,Humedo.Dmax,0,0,999,1,Pasada,SIC_CentroSurA
Confluencia,Humedo.Dmax,0,0,999,1,Pasada,SIC_CentroSurA
San_Andres,Humedo.Dmax,0,0,999,1,Pasada,SIC_CentroSurA
Los_Hierros,Humedo.Dmax,0,0,999,1,Pasada,SIC_CentroSurA
El_Paso,Humedo.Dmax,0,0,999,1,Pasada,SIC_CentroSurA
nuble,Humedo.Dmax,0,0,999,1,Pasada,SIC_CentroSurA
Ancoa,Humedo.Dmax,0,0,999,1,Pasada,SIC_CentroSurA
Peuchen,Humedo.Dmax,0,0,999,1,Pasada,SIC_CentroSurC
Mampil,Humedo.Dmax,0,0,999,1,Pasada,SIC_CentroSurC
Pullinque,Humedo.Dmax,0,0,999,1,Pasada,SIC_Sur
Pilmaiquen,Humedo.Dmax,0,0,999,1,Pasada,SIC_Sur
Rucatayo,Humedo.Dmax,0,0,999,1,Pasada,SIC_Sur
Laja_I,Humedo.Dmax,0,0,999,1,Pasada,SIC_Sur
San_Pedro,Humedo.Dmax,0,0,999,1,Pasada,SIC_Sur
Chiburgo,Humedo.Dmax,0,0,999,1,Serie,SIC_Centro
Isla,Humedo.Dmax,0,0,999,1,Serie,SIC_CentroSurA
Curillinque,Humedo.Dmax,0,0,999,1,Serie,SIC_CentroSurA
Loma_Alta,Humedo.Dmax,0,0,999,1,Serie,SIC_CentroSurA
San_Ignacio,Humedo.Dmax,0,0,999,1,Serie,SIC_CentroSurA
Ojos_de_Agua,Humedo.Dmax,0,0,999,1,Serie,SIC_CentroSurA
Abanico,Humedo.Dmax,0,0,999,1,Serie,SIC_CentroSurC
Rucue,Humedo.Dmax,0,0,999,1,Serie,SIC_CentroSurC
Quilleco,Humedo.Dmax,0,0,999,1,Serie,SIC_CentroSurC
Palmucho,Humedo.Dmax,0,0,999,1,Serie,SIC_CentroSurC
Eolico-SIC_Centro,Humedo.Dmax,0,0,999,0.5,Eolico,SIC_Centro
Eolico-SIC_CentroNorte,Humedo.Dmax,0,0,999,0.5,Eolico,SIC_CentroNorte
Eolico_SIC_CentroSurC,Humedo.Dmax,0,0,999,0.5,Eolico,SIC_CentroSurC
Eolico_SIC_Norte,Humedo.Dmax,0,0,999,0.5,Eolico,SIC_Norte
Eolico_SIC_Sur,Humedo.Dmax,0,0,999,0.5,Eolico,SIC_Sur
Eolico_SING_Centro,Humedo.Dmax,0,0,999,0.5,Eolico,SING_Centro
Solar_SIC_Centro,Humedo.Dmax,0,0,999,1,Solar,SIC_Centro
Solar_SIC_CentroNorte,Humedo.Dmax,0,0,999,1,Solar,SIC_CentroNorte
Solar_SIC_Norte1,Humedo.Dmax,0,0,999,1,Solar,SIC_Norte
Solar_SIC_Norte2,Humedo.Dmax,0,0,999,1,Solar,SIC_Norte
Solar_SING_Centro1,Humedo.Dmax,0,0,999,1,Solar,SING_Centro
Solar_SING_Centro2,Humedo.Dmax,0,0,999,1,Solar,SING_Centro
Solar_SING_Norte,Humedo.Dmax,0,0,999,1,Solar,SING_Norte
Solar_SING_Sur,Humedo.Dmax,0,0,999,1,Solar,SING_Sur
Nueva_Ventanas,Humedo.Dmedia,37.64904188,999,999,1,Carbon,SIC_Centro
Campiche,Humedo.Dmedia,37.91690018,999,999,1,Carbon,SIC_Centro
Ventanas_02,Humedo.Dmedia,39.89699388,999,999,1,Carbon,SIC_Centro
Ventanas_01,Humedo.Dmedia,42.44335633,999,999,1,Carbon,SIC_Centro
Guacolda_03,Humedo.Dmedia,29.05,999,999,1,Carbon,SIC_CentroNorte
Guacolda_04,Humedo.Dmedia,32.023,999,999,1,Carbon,SIC_CentroNorte
Guacolda_01,Humedo.Dmedia,32.7484,999,999,1,Carbon,SIC_CentroNorte
Guacolda_02,Humedo.Dmedia,32.8528,999,999,1,Carbon,SIC_CentroNorte
Guacolda_05,Humedo.Dmedia,40.50964896,999,999,1,Carbon,SIC_CentroNorte
Santa_Maria,Humedo.Dmedia,33.89169646,999,999,1,Carbon,SIC_CentroSurC
Bocamina_02,Humedo.Dmedia,44.81518306,999,999,1,Carbon,SIC_CentroSurC
Bocamina_01,Humedo.Dmedia,48.09768973,999,999,1,Carbon,SIC_CentroSurC
NTO2,Humedo.Dmedia,29.8567,999,999,1,Carbon,SING_Centro
NTO1,Humedo.Dmedia,30.15688,999,999,1,Carbon,SING_Centro
CTM2,Humedo.Dmedia,32.2307248,999,999,1,Carbon,SING_Centro
CTH,Humedo.Dmedia,32.71240159,999,999,1,Carbon,SING_Centro
CTM1,Humedo.Dmedia,33.1455574,999,999,1,Carbon,SING_Centro
CTA,Humedo.Dmedia,34.98930347,999,999,1,Carbon,SING_Centro
U15,Humedo.Dmedia,36.8778299,999,999,1,Carbon,SING_Centro
U14,Humedo.Dmedia,38.2190069,999,999,1,Carbon,SING_Centro
U13,Humedo.Dmedia,42.217497,999,999,1,Carbon,SING_Centro
U12,Humedo.Dmedia,44.032503,999,999,1,Carbon,SING_Centro
COCHRANE_1,Humedo.Dmedia,46.51138814,999,999,1,Carbon,SING_Centro
COCHRANE_2,Humedo.Dmedia,46.51138814,999,999,1,Carbon,SING_Centro
CTTAR,Humedo.Dmedia,33.198374,999,999,1,Carbon,SING_Norte
ANG_II,Humedo.Dmedia,41.04048968,999,999,1,Carbon,SING_Sur
ANG_I,Humedo.Dmedia,42.45048968,999,999,1,Carbon,SING_Sur
IEMejillones,Humedo.Dmedia,43.79474211,999,999,1,Carbon,SING_Sur
Nueva_Renca_Diesel,Humedo.Dmedia,120.5464769,999,999,1,Diesel,SIC_Centro
Nehuenco_02_Diesel,Humedo.Dmedia,121.0384651,999,999,1,Diesel,SIC_Centro
Nehuenco_01_Diesel,Humedo.Dmedia,121.1952869,999,999,1,Diesel,SIC_Centro
Dona_Carmen,Humedo.Dmedia,157.8250806,999,999,1,Diesel,SIC_Centro
Espinos_01,Humedo.Dmedia,175.315902,999,999,1,Diesel,SIC_Centro
Los_Vientos,Humedo.Dmedia,179.3565017,999,999,1,Diesel,SIC_Centro
Cardones,Humedo.Dmedia,174.37435,999,999,1,Diesel,SIC_CentroNorte
Teno,Humedo.Dmedia,180.5514389,999,999,1,Diesel,SIC_CentroSurA
Los_Pinos,Humedo.Dmedia,148.5568851,999,999,1,Diesel,SIC_CentroSurC
Coronel_TG_Diesel,Humedo.Dmedia,165.8908952,999,999,1,Diesel,SIC_CentroSurC
Santa_Lidia,Humedo.Dmedia,181.2146294,999,999,1,Diesel,SIC_CentroSurC
Taltal_01_Diesel,Humedo.Dmedia,176.8500902,999,999,1,Diesel,SIC_Norte
Taltal_02_Diesel,Humedo.Dmedia,176.8500902,999,999,1,Diesel,SIC_Norte
Antilhue_TG_01,Humedo.Dmedia,197.3656384,999,999,1,Diesel,SIC_Sur
Antilhue_TG_02,Humedo.Dmedia,197.3656384,999,999,1,Diesel,SIC_Sur
San_Isidro_02_GNL,Humedo.Dmedia,69.48129023,999,999,1,GNL,SIC_Centro
San_Isidro_GNL,Humedo.Dmedia,73.58766746,999,999,1,GNL,SIC_Centro
CTM3_SIC,Humedo.Dmedia,62.65109403,999,999,1,GNL,SIC_CentroNorte
U16_GNL,Humedo.Dmedia,38.91293792,999,999,1,GNL,SING_Centro
KELAR,Humedo.Dmedia,62.01728,999,999,1,GNL,SING_Sur
CC1_GNL,Humedo.Dmedia,108.6798098,999,999,1,GNL,SING_Sur
CC2_GNL,Humedo.Dmedia,108.6798098,999,999,1,GNL,SING_Sur
Rapel,Humedo.Dmedia,0,999,999,1,Embalse,SIC_Centro
Colbun,Humedo.Dmedia,0,999,999,1,Embalse,SIC_Centro
Machicura,Humedo.Dmedia,0,999,999,1,Embalse,SIC_Centro
Cipreses,Humedo.Dmedia,0,999,999,1,Embalse,SIC_CentroSurA
Los_Condores,Humedo.Dmedia,0,999,999,1,Embalse,SIC_CentroSurA
Pehuenche,Humedo.Dmedia,0,999,999,1,Embalse,SIC_CentroSurA
El_Toro,Humedo.Dmedia,0,999,999,1,Embalse,SIC_CentroSurC
Ralco,Humedo.Dmedia,0,999,999,1,Embalse,SIC_CentroSurC
Pangue,Humedo.Dmedia,0,999,999,1,Embalse,SIC_CentroSurC
Antuco,Humedo.Dmedia,0,999,999,1,Embalse,SIC_CentroSurC
Angostura,Humedo.Dmedia,0,999,999,1,Embalse,SIC_CentroSurC
Canutillar,Humedo.Dmedia,0,999,999,1,Embalse,SIC_Sur
Hornitos,Humedo.Dmedia,0,0,999,1,Pasada,SIC_Centro
Juncal,Humedo.Dmedia,0,0,999,1,Pasada,SIC_Centro
Blanco,Humedo.Dmedia,0,0,999,1,Pasada,SIC_Centro
Chacabuquito,Humedo.Dmedia,0,0,999,1,Pasada,SIC_Centro
Los_Quilos,Humedo.Dmedia,0,0,999,1,Pasada,SIC_Centro
Alfalfal,Humedo.Dmedia,0,0,999,1,Pasada,SIC_Centro
Florida,Humedo.Dmedia,0,0,999,1,Pasada,SIC_Centro
Maitenes,Humedo.Dmedia,0,0,999,1,Pasada,SIC_Centro
Volcan,Humedo.Dmedia,0,0,999,1,Pasada,SIC_Centro
Puntilla,Humedo.Dmedia,0,0,999,1,Pasada,SIC_Centro
Sauzal,Humedo.Dmedia,0,0,999,1,Pasada,SIC_Centro
Chacayes,Humedo.Dmedia,0,0,999,1,Pasada,SIC_Centro
Alfalfal_02,Humedo.Dmedia,0,0,999,1,Pasada,SIC_Centro
Las_Lajas,Humedo.Dmedia,0,0,999,1,Pasada,SIC_Centro
La_Higuera,Humedo.Dmedia,0,0,999,1,Pasada,SIC_CentroSurA
Confluencia,Humedo.Dmedia,0,0,999,1,Pasada,SIC_CentroSurA
San_Andres,Humedo.Dmedia,0,0,999,1,Pasada,SIC_CentroSurA
Los_Hierros,Humedo.Dmedia,0,0,999,1,Pasada,SIC_CentroSurA
El_Paso,Humedo.Dmedia,0,0,999,1,Pasada,SIC_CentroSurA
nuble,Humedo.Dmedia,0,0,999,1,Pasada,SIC_CentroSurA
Ancoa,Humedo.Dmedia,0,0,999,1,Pasada,SIC_CentroSurA
Peuchen,Humedo.Dmedia,0,0,999,1,Pasada,SIC_CentroSurC
Mampil,Humedo.Dmedia,0,0,999,1,Pasada,SIC_CentroSurC
Pullinque,Humedo.Dmedia,0,0,999,1,Pasada,SIC_Sur
Pilmaiquen,Humedo.Dmedia,0,0,999,1,Pasada,SIC_Sur
Rucatayo,Humedo.Dmedia,0,0,999,1,Pasada,SIC_Sur
Laja_I,Humedo.Dmedia,0,0,999,1,Pasada,SIC_Sur
San_Pedro,Humedo.Dmedia,0,0,999,1,Pasada,SIC_Sur
Chiburgo,Humedo.Dmedia,0,0,999,1,Serie,SIC_Centro
Isla,Humedo.Dmedia,0,0,999,1,Serie,SIC_CentroSurA
Curillinque,Humedo.Dmedia,0,0,999,1,Serie,SIC_CentroSurA
Loma_Alta,Humedo.Dmedia,0,0,999,1,Serie,SIC_CentroSurA
San_Ignacio,Humedo.Dmedia,0,0,999,1,Serie,SIC_CentroSurA
Ojos_de_Agua,Humedo.Dmedia,0,0,999,1,Serie,SIC_CentroSurA
Abanico,Humedo.Dmedia,0,0,999,1,Serie,SIC_CentroSurC
Rucue,Humedo.Dmedia,0,0,999,1,Serie,SIC_CentroSurC
Quilleco,Humedo.Dmedia,0,0,999,1,Serie,SIC_CentroSurC
Palmucho,Humedo.Dmedia,0,0,999,1,Serie,SIC_CentroSurC
Eolico-SIC_Centro,Humedo.Dmedia,0,0,999,0.5,Eolico,SIC_Centro
Eolico-SIC_CentroNorte,Humedo.Dmedia,0,0,999,0.5,Eolico,SIC_CentroNorte
Eolico_SIC_CentroSurC,Humedo.Dmedia,0,0,999,0.5,Eolico,SIC_CentroSurC
Eolico_SIC_Norte,Humedo.Dmedia,0,0,999,0.5,Eolico,SIC_Norte
Eolico_SIC_Sur,Humedo.Dmedia,0,0,999,0.5,Eolico,SIC_Sur
Eolico_SING_Centro,Humedo.Dmedia,0,0,999,0.5,Eolico,SING_Centro
Solar_SIC_Centro,Humedo.Dmedia,0,0,999,0.5,Solar,SIC_Centro
Solar_SIC_CentroNorte,Humedo.Dmedia,0,0,999,0.5,Solar,SIC_CentroNorte
Solar_SIC_Norte1,Humedo.Dmedia,0,0,999,0.5,Solar,SIC_Norte
Solar_SIC_Norte2,Humedo.Dmedia,0,0,999,0.5,Solar,SIC_Norte
Solar_SING_Centro1,Humedo.Dmedia,0,0,999,0.5,Solar,SING_Centro
Solar_SING_Centro2,Humedo.Dmedia,0,0,999,0.5,Solar,SING_Centro
Solar_SING_Norte,Humedo.Dmedia,0,0,999,0.5,Solar,SING_Norte
Solar_SING_Sur,Humedo.Dmedia,0,0,999,0.5,Solar,SING_Sur
